fig_num,bricklink_id
fig-000001,twn381
fig-000002,twn382
fig-000003,sw0215
fig-000004,pln102
fig-000005,sh0250
fig-000006,njo0571
fig-000007,njo0570
fig-000008,sh0150
fig-000009,sh0087
fig-000010,sh0151
fig-000011,sh0148
fig-000012,sh0149
fig-000013,sh0147
fig-000014,shg001
fig-000015,loc087
fig-000016,loc078
fig-000017,loc091
fig-000018,toy006
fig-000019,sp042
fig-000020,sp005
fig-000021,sim014
fig-000022,col135
fig-000023,col148
fig-000024,col040
fig-000025,col114
fig-000026,loc110
fig-000027,sp046
fig-000028,sh0037
fig-000029,hp116
fig-000030,sp037
fig-000031,col057
fig-000032,sh0016a
fig-000033,pln175
fig-000034,aqu002
fig-000035,sim015
fig-000036,col064
fig-000037,col027
fig-000038,cty0195
fig-000039,cop003
fig-000040,pln078
fig-000041,sim016
fig-000043,adv033
fig-000044,nba027
fig-000045,cty0091
fig-000046,col031
fig-000047,col149
fig-000048,cty0031
fig-000049,tls086
fig-000050,sim017
fig-000051,cty0079
fig-000052,cty0008
fig-000053,pi080
fig-000054,sw0355
fig-000055,sim019
fig-000056,sw0502
fig-000057,cas244
fig-000058,sw0442
fig-000059,cty0049
fig-000060,sim040
fig-000061,sp002
fig-000062,sp002
fig-000063,sim020
fig-000064,sw0130
fig-000065,sp033
fig-000066,col129
fig-000067,cty0194
fig-000068,sim021
fig-000069,cas058
fig-000070,sp036
fig-000071,sp011
fig-000072,cas168
fig-000073,chef016
fig-000074,pck020
fig-000075,sw0271
fig-000076,sp013
fig-000077,doc034
fig-000078,sw0242
fig-000079,spp016
fig-000080,col165
fig-000081,sim041
fig-000082,col170
fig-000083,njo0048
fig-000084,pln149
fig-000085,rac019
fig-000086,sp043
fig-000087,cty0062
fig-000088,sp016
fig-000089,col182
fig-000090,cty0074
fig-000091,sw0428
fig-000092,tlm016
fig-000093,alp020
fig-000094,sim042
fig-000095,air038
fig-000096,alp017a
fig-000097,cas046cm
fig-000098,cty1721
fig-000099,spp005
fig-000100,pln037
fig-000101,cty0157
fig-000102,spp011
fig-000103,spp003
fig-000104,pln051
fig-000105,lom016
fig-000106,sp051
fig-000107,sp051
fig-000108,cty0174
fig-000109,njo0006
fig-000110,col140
fig-000111,njo0018
fig-000112,old012
fig-000113,sp018
fig-000114,sp039
fig-000115,sw0546
fig-000116,arc004
fig-000117,col043
fig-000118,cty1720
fig-000119,lom014
fig-000120,hol010
fig-000122,lor035
fig-000123,ixs001
fig-000124,sw0011a
fig-000125,loc100
fig-000126,rac008
fig-000127,ovr001
fig-000128,trc003
fig-000129,stu002
fig-000130,pln176
fig-000131,sim009
fig-000132,nex027
fig-000133,pln032
fig-000134,con014
fig-000135,oct006
fig-000136,cty1723
fig-000137,pi064
fig-000138,rck001
fig-000139,cty0238
fig-000140,cty0113
fig-000141,cty0685
fig-000142,sw0581
fig-000143,loc068
fig-000144,sw0551
fig-000145,lor092
fig-000146,s012
fig-000147,sh0082
fig-000148,rac013
fig-000149,njo0047
fig-000150,nba056
fig-000151,loc052
fig-000152,sp061
fig-000153,zip006
fig-000154,nba055
fig-000155,pck009
fig-000156,cas050
fig-000157,sp062
fig-000158,cty0213
fig-000159,rac014
fig-000160,pln038
fig-000161,twn495
fig-000162,cty0111
fig-000163,sw0166a
fig-000164,cty0228
fig-000165,pln084
fig-000166,sw0426
fig-000167,arc013
fig-000168,soc043
fig-000169,cty0482
fig-000170,pln123
fig-000171,col111
fig-000172,ovr040
fig-000173,cas339
fig-000174,zip002
fig-000175,air031
fig-000176,col059
fig-000177,col056
fig-000178,mof012
fig-000179,frnd0167
fig-000180,pop017
fig-000181,ver005
fig-000182,twn049
fig-000183,trc002
fig-000184,cas020
fig-000185,cty0005
fig-000186,tlm006
fig-000187,cty1724
fig-000188,frnd0144
fig-000189,tgb006
fig-000190,sw0425
fig-000191,cas368
fig-000192,frnd0090
fig-000193,njo0045
fig-000194,lom013
fig-000195,adv009
fig-000196,sw0035b
fig-000197,col062
fig-000198,cty0006
fig-000199,frnd0063
fig-000200,par003
fig-000201,col185
fig-000202,frnd0109
fig-000203,trn092
fig-000204,col060
fig-000205,zip023
fig-000206,old028
fig-000207,ver001
fig-000208,firec001
fig-000209,pln035
fig-000210,loc002
fig-000211,wtr005
fig-000213,njo0013
fig-000214,loc048
fig-000215,chef012
fig-000216,cas065
fig-000217,cas235
fig-000218,pln015
fig-000219,frnd0011
fig-000220,s007
fig-000221,ovr003
fig-000222,frnd0195
fig-000223,sh0114
fig-000224,chef009
fig-000225,cop001
fig-000226,cty0018
fig-000227,sh0003
fig-000228,twn097
fig-000229,rsq010
fig-000231,Shell008
fig-000232,loc071
fig-000233,cas013
fig-000234,cty0175
fig-000235,sw0354
fig-000236,old009a
fig-000237,old008
fig-000238,sw0002
fig-000239,old010
fig-000240,old014
fig-000241,col103
fig-000242,zip039
fig-000243,cty0256
fig-000244,sh0163
fig-000245,tlm010
fig-000246,twn002
fig-000247,frnd0036
fig-000248,cty0010
fig-000249,nex072
fig-000250,poc024
fig-000251,cas152
fig-000252,chef010
fig-000253,trn075
fig-000254,cty0113
fig-000255,col184
fig-000256,njo0058
fig-000257,pln090
fig-000258,firec006
fig-000259,sw0077
fig-000260,aqu005
fig-000261,tlm066
fig-000262,tlm061
fig-000263,sp006
fig-000264,tlm058
fig-000265,oct054
fig-000266,cty0030
fig-000267,tlm062
fig-000268,frnd0132
fig-000269,cc4445
fig-000270,sw0423
fig-000271,doc024
fig-000272,sw0716
fig-000273,cc4453
fig-000274,tim006
fig-000275,frnd0040
fig-000276,hp125
fig-000277,ixs003
fig-000278,gen048
fig-000279,sh0130
fig-000280,pi075
fig-000281,sw0427
fig-000282,njo0061
fig-000283,twn005a
fig-000284,cty0344
fig-000285,but011
fig-000286,sp021
fig-000287,gg019a
fig-000288,pln031
fig-000289,pln027
fig-000290,cas053
fig-000291,tlr002
fig-000292,cas048
fig-000293,shell007
fig-000294,soc010
fig-000295,soc132
fig-000296,cty0020
fig-000297,pi028
fig-000298,sw0257a
fig-000299,sw0257
fig-000300,cas201
fig-000301,wc4060
fig-000302,frnd0165
fig-000303,sw0201
fig-000304,trc001
fig-000305,sw0315
fig-000306,cc4061
fig-000307,cas044
fig-000308,jbr010
fig-000309,cc4066
fig-000310,pln102
fig-000311,loc017
fig-000312,sw0097
fig-000313,cty0388
fig-000314,pln195
fig-000315,soc095
fig-000316,sw0275
fig-000317,frnd0054
fig-000318,gen003
fig-000319,pln055
fig-000320,cc4449
fig-000321,pln091
fig-000322,njo0057
fig-000323,poc029
fig-000324,cty0341
fig-000325,adv004
fig-000326,soc038
fig-000327,adv025
fig-000328,ixs008
fig-000329,cas209
fig-000330,sw0049
fig-000331,shg007
fig-000332,sw0514
fig-000333,cas246
fig-000334,cty0626
fig-000335,jbr008
fig-000336,loc004
fig-000337,dim016
fig-000338,sw0506
fig-000339,cas022a
fig-000340,cty0509
fig-000341,sp007
fig-000342,fire005
fig-000343,twn096
fig-000344,but022
fig-000345,hgh004
fig-000346,cty0115
fig-000347,loc049
fig-000348,hor008
fig-000349,cas066
fig-000350,dp033
fig-000351,zip026
fig-000352,shell001
fig-000353,oct021
fig-000354,pln070
fig-000355,loc111
fig-000356,aqu008
fig-000357,rck003
fig-000358,oct031
fig-000359,adv010
fig-000360,oct040
fig-000361,spp001
fig-000362,cas049
fig-000363,jstr010
fig-000364,hol008
fig-000365,cty0016
fig-000366,col066
fig-000367,shell006
fig-000368,njo0146
fig-000369,adv020
fig-000370,rac020
fig-000371,twn010
fig-000372,rck002
fig-000373,sp004
fig-000374,hol007
fig-000375,cty0110
fig-000376,stu001
fig-000377,stu016
fig-000378,col183
fig-000379,old013
fig-000380,cty1725
fig-000381,soc085
fig-000382,pi005
fig-000383,pi043
fig-000384,shell013
fig-000385,pln004
fig-000386,zip016
fig-000387,zip044
fig-000388,cas148
fig-000389,zip003
fig-000390,cas142
fig-000391,zip016
fig-000392,frnd0010
fig-000393,twn062
fig-000394,but007
fig-000395,par053
fig-000396,oct022
fig-000397,hol006
fig-000398,par032
fig-000399,pck008
fig-000400,pi065
fig-000401,pln148
fig-000402,cty0163
fig-000403,pln129
fig-000404,pi017
fig-000405,zip004
fig-000406,sp001
fig-000407,cas149
fig-000408,cas420a
fig-000409,pck016
fig-000410,oct011
fig-000411,iaj001
fig-000412,pln011
fig-000413,cty0891
fig-000414,sim013
fig-000415,alp019
fig-000416,col082
fig-000417,njo0001
fig-000418,njo0007
fig-000419,arc008
fig-000420,cty0252
fig-000421,inf001
fig-000422,njo0015
fig-000423,par064
fig-000424,fre001
fig-000425,zip020
fig-000426,njo0026
fig-000427,pln172
fig-000428,jstr009
fig-000429,bikerb
fig-000430,cas029
fig-000431,div002a
fig-000432,ext004
fig-000433,pln006
fig-000434,cty0148
fig-000435,cty0136
fig-000436,cty0105
fig-000437,cty0192
fig-000438,ww016
fig-000439,sp006new2
fig-000440,cty1731
fig-000441,cas114
fig-000442,jbl005
fig-000443,cty0159
fig-000444,cty0197
fig-000445,cty0198
fig-000446,cty0323
fig-000447,njo0004
fig-000448,toy003
fig-000449,toy001
fig-000450,pha001
fig-000451,sp022
fig-000452,njo0033
fig-000453,cas474
fig-000454,cas461
fig-000455,njo0034
fig-000456,frnd0016
fig-000457,hp094
fig-000458,twn163
fig-000459,col117
fig-000460,sh0034
fig-000461,sh0039
fig-000462,s010
fig-000463,sh0181
fig-000464,adv038
fig-000465,cty0369
fig-000466,sw0320
fig-000467,jbl012
fig-000468,pln047
fig-000469,sp020
fig-000470,sp032
fig-000471,hp035
fig-000472,jbl011
fig-000473,sh0212
fig-000474,cas051
fig-000475,cas057
fig-000476,trn136
fig-000477,tim005
fig-000478,ovr001
fig-000479,hol013
fig-000480,twn152
fig-000481,cty0475
fig-000482,rck006
fig-000483,pln053
fig-000484,adv050
fig-000485,trn002
fig-000486,wr026
fig-000487,sp035
fig-000488,soc003
fig-000489,toy004
fig-000490,soc091
fig-000491,col132
fig-000492,frnd0077
fig-000493,nba001
fig-000494,nba006
fig-000495,nba023
fig-000496,gg002
fig-000497,nba027a
fig-000498,nba044a
fig-000499,col070
fig-000500,par041
fig-000501,old003
fig-000502,col142
fig-000503,old002
fig-000504,sw0576
fig-000505,cas019
fig-000506,sw0624
fig-000507,sw0541
fig-000508,exf016
fig-000509,sw0539
fig-000510,sw0545
fig-000511,frnd0203
fig-000512,frnd0023
fig-000513,frnd0024
fig-000514,zip007
fig-000515,but016
fig-000516,sw0209
fig-000517,cop022
fig-000518,col171
fig-000519,elf002a
fig-000520,jred024
fig-000521,cc4058
fig-000522,stu010a
fig-000523,cc4063
fig-000524,cc4064
fig-000525,cc4065
fig-000526,adv021
fig-000527,cty0093
fig-000528,njo0012
fig-000529,dis001
fig-000530,div017b
fig-000531,jred005
fig-000532,dis002
fig-000533,frnd0053
fig-000534,pln106
fig-000535,cty0474
fig-000536,col174
fig-000537,dis004
fig-000538,dis005
fig-000539,adv005
fig-000540,trn111
fig-000542,cty0009
fig-000543,col178
fig-000545,tgb008
fig-000546,firec017
fig-000547,pck014
fig-000548,dis007
fig-000549,but028
fig-000550,dis008
fig-000551,col188
fig-000552,dis009
fig-000553,sw0035
fig-000554,cc4443
fig-000555,cc4444
fig-000556,cc4446
fig-000557,cc4447
fig-000558,cc4448
fig-000559,cc4450
fig-000560,cc4451
fig-000561,cc4452
fig-000562,cc4454
fig-000563,cc4455
fig-000564,cc4456
fig-000565,wc4457
fig-000566,twn194
fig-000567,cc4471
fig-000568,cc4472
fig-000569,dis010
fig-000570,frnd0048
fig-000571,sw0158
fig-000572,col098
fig-000573,cas249
fig-000574,dis011
fig-000575,nex024
fig-000576,dis012
fig-000577,pln076
fig-000578,trn051
fig-000579,col187
fig-000580,trn058
fig-000581,sw0218
fig-000582,trn060
fig-000583,col191
fig-000584,trn045
fig-000585,dis013
fig-000586,dis014
fig-000587,oct056
fig-000588,old016
fig-000589,col116
fig-000590,dis015
fig-000591,dis016
fig-000592,col180
fig-000593,hp001
fig-000594,hp034
fig-000595,hp036
fig-000596,loc001
fig-000597,dis017
fig-000598,trn026
fig-000599,pln135
fig-000600,dis018
fig-000601,sw0384
fig-000602,cty0109
fig-000603,col121
fig-000604,cop026
fig-000605,dfb001
fig-000606,firec011
fig-000607,cty0492
fig-000608,njo0043
fig-000609,cty0043
fig-000610,sw0385
fig-000611,frnd0008
fig-000612,lor033
fig-000613,dfb009
fig-000614,pln009
fig-000615,col130
fig-000616,wc008
fig-000617,cty0149
fig-000618,cty1743
fig-000619,cty0051
fig-000620,cty0052
fig-000621,cas363
fig-000622,adv042
fig-000623,cty1742
fig-000624,mm011
fig-000625,dfb012
fig-000626,cty0063
fig-000627,dfb011
fig-000628,adv014
fig-000629,adv039
fig-000630,trn229
fig-000631,adv006
fig-000632,adv044
fig-000633,cty0202
fig-000634,but007
fig-000635,par062
fig-000636,exf005
fig-000637,dfb003
fig-000638,cas291
fig-000639,cas276
fig-000640,twn047
fig-000641,trn109
fig-000642,cas101a
fig-000643,cty0367
fig-000644,cas092
fig-000645,cas060a
fig-000646,cas023
fig-000647,dfb016
fig-000648,cas022
fig-000649,nba049
fig-000650,pln030
fig-000651,col146
fig-000652,con015
fig-000653,trn088
fig-000654,dfb002
fig-000655,adv052
fig-000656,dfb015
fig-000657,aqu001
fig-000658,rac021
fig-000659,cas407
fig-000660,frnd0714
fig-000661,cty0050
fig-000662,pi008
fig-000663,cty1719
fig-000664,sw0118
fig-000665,pi073
fig-000666,pi102
fig-000667,dfb005
fig-000668,pi010
fig-000669,loc013
fig-000670,dfb013
fig-000671,tlm002
fig-000672,s003
fig-000673,tlm003
fig-000674,post001
fig-000675,ovr007
fig-000676,car003
fig-000677,pln042
fig-000678,dfb010
fig-000679,cty0096
fig-000680,cty1735
fig-000681,pln111
fig-000682,cty1746
fig-000683,dfb008
fig-000684,par012
fig-000685,tlm012
fig-000686,but021
fig-000687,oct013
fig-000688,rep005
fig-000689,jbl002
fig-000690,rck004
fig-000691,oct038
fig-000692,con001
fig-000693,rck005
fig-000694,col153
fig-000695,col007
fig-000696,rep004
fig-000697,cop041
fig-000698,col155
fig-000699,firec020
fig-000700,pck018
fig-000701,firec001
fig-000702,dfb007
fig-000703,jbr003
fig-000704,hor009
fig-000705,oct026
fig-000706,lea002
fig-000707,doc004
fig-000708,col157
fig-000709,dfb014
fig-000710,div019
fig-000711,dfb006
fig-000712,njo0038
fig-000713,ver004
fig-000714,hgh005
fig-000715,oct012
fig-000716,jbr002
fig-000717,doc006
fig-000718,zip009
fig-000719,but015
fig-000720,trn026
fig-000721,trn025
fig-000722,pln190
fig-000723,arc002
fig-000724,ovr005
fig-000725,jbl001
fig-000726,exx003
fig-000727,doc011
fig-000728,pck003
fig-000729,firec005
fig-000730,aqu014
fig-000731,but031
fig-000732,cty1739
fig-000733,but020
fig-000734,ww017
fig-000735,pln036
fig-000736,ww004
fig-000737,rsq014
fig-000738,ixs003a
fig-000739,ixs002
fig-000740,cty0501
fig-000741,alp008
fig-000742,sp004
fig-000743,ww011
fig-000744,hol009
fig-000745,sp005
fig-000746,alp009
fig-000747,sp014
fig-000748,adv024
fig-000749,sp038
fig-000750,sp019
fig-000751,sp047
fig-000752,sp044
fig-000753,sp008
fig-000754,sp012
fig-000755,ext012
fig-000756,sp040
fig-000757,oct007
fig-000758,frnd0037
fig-000759,sp067
fig-000760,cas043
fig-000761,din006
fig-000762,old007
fig-000763,sp024
fig-000764,sp031
fig-000765,cty0193
fig-000766,dim026
fig-000767,dis003
fig-000768,sw0543
fig-000769,fus001
fig-000770,wc005
fig-000771,dp012
fig-000772,sw0460
fig-000773,sw0055
fig-000774,pln029
fig-000775,cty0320
fig-000776,cty0155
fig-000777,pln160
fig-000778,dim038
fig-000779,cty0003
fig-000780,cty0026
fig-000781,cty0011
fig-000782,old011
fig-000783,din010
fig-000784,par057
fig-000785,oct049
fig-000786,wc021
fig-000787,cty0007
fig-000788,sh0044
fig-000789,pck002
fig-000790,dim024
fig-000791,dim035
fig-000792,din009
fig-000793,sw0035a
fig-000794,par036
fig-000795,rac061
fig-000796,sw0507
fig-000797,cty0255
fig-000798,cty0254
fig-000799,hol011
fig-000800,cty0253
fig-000801,cty0176
fig-000802,adv041
fig-000803,cop004
fig-000804,cty1747
fig-000805,sw0093
fig-000806,sw0191
fig-000807,cty0158
fig-000808,post008
fig-000809,sw0187
fig-000810,tlm005
fig-000811,cop013
fig-000812,cty0153
fig-000813,cty0156
fig-000814,tlm009
fig-000815,pln021
fig-000816,sh0090
fig-000817,cty0027
fig-000818,post006
fig-000819,tlm015
fig-000820,jbl008
fig-000821,adv018
fig-000822,shell012
fig-000823,dim014
fig-000824,sw0455
fig-000825,col161
fig-000826,loc006
fig-000827,trn122
fig-000828,twn011
fig-000829,air036
fig-000830,trn222
fig-000831,boat010
fig-000832,oct053
fig-000833,twn448
fig-000834,pln026
fig-000835,cas435
fig-000836,frnd0027
fig-000837,sw0268
fig-000838,tlr001
fig-000839,adv037
fig-000840,atl003
fig-000841,frnd0171
fig-000842,res008
fig-000843,sim007
fig-000844,tim004
fig-000845,cty0047
fig-000846,alp025
fig-000847,jstr001
fig-000848,aqu004
fig-000849,sim008
fig-000850,pi095
fig-000851,pi009
fig-000852,pln089
fig-000853,trn120
fig-000854,twn175
fig-000855,sp004new2
fig-000856,stu011
fig-000857,gen029
fig-000858,gen152
fig-000859,frnd0002
fig-000860,hol012
fig-000861,frnd0004
fig-000862,frnd0009
fig-000863,exf017
fig-000864,sim010
fig-000865,lor026
fig-000866,pm006
fig-000867,rac049
fig-000868,rac048
fig-000869,rac050
fig-000870,njo0052
fig-000871,njo0050
fig-000872,adv003
fig-000873,lor030
fig-000874,sw0302
fig-000875,njo0068
fig-000876,njo0059
fig-000877,njo0062
fig-000878,njo0041
fig-000879,njo0051
fig-000880,njo0032
fig-000881,njo0069
fig-000882,cas205
fig-000883,cty0606
fig-000884,cty1748
fig-000885,col133
fig-000886,frnd0105
fig-000887,tim001
fig-000888,col075
fig-000889,col003
fig-000890,col006
fig-000891,col011
fig-000892,col012
fig-000893,col016
fig-000894,frnd0095
fig-000895,tgb002
fig-000896,col029
fig-000897,col037
fig-000898,col036
fig-000899,col034
fig-000900,col045
fig-000901,col046
fig-000902,col048
fig-000903,col041
fig-000904,col047
fig-000905,col030
fig-000906,frnd0106
fig-000907,col042
fig-000908,col024
fig-000909,col063
fig-000910,col049
fig-000911,col051
fig-000912,col053
fig-000913,col054
fig-000914,col055
fig-000915,col058
fig-000916,col065
fig-000917,col074
fig-000918,col094
fig-000919,col077
fig-000920,col081
fig-000921,col067
fig-000922,col069
fig-000923,col061
fig-000924,col071
fig-000925,col073
fig-000926,col076
fig-000927,col079
fig-000928,col080
fig-000929,col091
fig-000930,col092
fig-000931,col093
fig-000932,col095
fig-000933,col096
fig-000934,col107
fig-000935,col106
fig-000936,col099
fig-000937,col101
fig-000938,col102
fig-000939,col104
fig-000940,col105
fig-000941,col108
fig-000942,col112
fig-000943,col122
fig-000944,col123
fig-000945,col139
fig-000946,col138
fig-000947,col134
fig-000948,col141
fig-000949,col144
fig-000950,col145
fig-000951,col120
fig-000952,col147
fig-000953,col158
fig-000954,tgb001
fig-000955,col151
fig-000956,col152
fig-000957,col156
fig-000958,col160
fig-000959,col175
fig-000960,col169
fig-000961,col163
fig-000962,col173
fig-000963,col177
fig-000964,col168
fig-000965,col072
fig-000966,col172
fig-000967,atl001
fig-000968,col167
fig-000969,tgb005
fig-000970,tgb009
fig-000971,tgb004
fig-000972,tgb007
fig-000973,col166
fig-000974,sh0045
fig-000975,sh0001
fig-000976,s005
fig-000977,s005
fig-000978,nex052
fig-000979,frnd0711
fig-000980,splc002
fig-000981,sim012
fig-000982,lea005
fig-000983,res001
fig-000984,rac018
fig-000985,alp010
fig-000986,spp015
fig-000987,pln033
fig-000988,s006
fig-000989,frnd0712
fig-000990,firec018
fig-000991,cop012
fig-000992,dim013
fig-000993,exf014
fig-000994,spp017
fig-000995,njo0185
fig-000996,hol017
fig-000997,sw0011
fig-000998,frnd0041
fig-000999,cop038
fig-001000,loc105
fig-001001,col136
fig-001002,cas035
fig-001003,col088
fig-001004,exf007
fig-001005,col090
fig-001006,idea012
fig-001007,hgh001
fig-001008,ovr010
fig-001009,s009
fig-001010,trn068
fig-001011,cas056
fig-001012,col228
fig-001013,sh0251
fig-001014,col229
fig-001015,col159
fig-001016,col154
fig-001017,col176
fig-001018,ovr036
fig-001019,col164
fig-001020,col089
fig-001021,col232
fig-001022,col233
fig-001023,oct029
fig-001024,chef018
fig-001025,bk001
fig-001026,sw0357
fig-001027,con006
fig-001028,cop019
fig-001029,twn038
fig-001030,njo0137
fig-001031,hol032
fig-001032,cas011
fig-001033,doc017
fig-001034,col239
fig-001035,pln034
fig-001036,alp004
fig-001037,col238
fig-001038,aqu009
fig-001039,frnd0014
fig-001040,oct044
fig-001041,sp027
fig-001042,aqu013
fig-001043,ext006
fig-001044,frnd0713
fig-001045,cty0196
fig-001046,ovr005
fig-001047,sp026
fig-001048,col008
fig-001049,col242
fig-001050,sh0005
fig-001051,arc003
fig-001052,col243
fig-001053,cas437
fig-001054,frnd0017
fig-001055,dim015
fig-001056,alp034
fig-001057,LLP006
fig-001058,LLP001
fig-001059,rex01
fig-001061,col009
fig-001063,sw0358
fig-001064,col125
fig-001065,sc022
fig-001066,sc024
fig-001067,cty0048
fig-001068,ovr031
fig-001069,sw0189
fig-001070,col001
fig-001071,col127
fig-001072,sp023
fig-001073,pi009
fig-001074,col002
fig-001075,cty1732
fig-001076,hol005
fig-001077,frnd0102
fig-001078,cty0646
fig-001081,col004
fig-001082,cty0549
fig-001083,sp030
fig-001084,frnd0062
fig-001085,trn034
fig-001086,con003
fig-001088,rac012
fig-001089,oct043
fig-001090,lor087
fig-001091,frnd0079
fig-001092,pi068
fig-001093,cty1733
fig-001094,frnd0052
fig-001095,njo0065
fig-001096,sw0022
fig-001097,cty0162
fig-001098,col013
fig-001099,tnt039
fig-001100,cty0022
fig-001101,sw0463
fig-001102,loc072
fig-001103,game008
fig-001104,sp058
fig-001105,cty0131
fig-001106,sw0599
fig-001107,cop045
fig-001108,adv051
fig-001109,sw0396
fig-001110,frnd0086
fig-001111,dp032
fig-001112,trn224
fig-001113,gg010
fig-001114,gg001
fig-001115,sw0401
fig-001116,cas045
fig-001117,sp006new2
fig-001118,ncklc005
fig-001119,adv001
fig-001120,cty0635
fig-001121,pln177
fig-001122,sw0356
fig-001123,col010
fig-001124,pln069
fig-001125,ovr014
fig-001126,loc029
fig-001127,sp006
fig-001128,gg007
fig-001129,cas248
fig-001130,sh0210
fig-001131,oct003
fig-001132,but006
fig-001133,wr025
fig-001134,cop003
fig-001135,sw0701
fig-001136,pck019
fig-001137,sw0457
fig-001138,frnd0078
fig-001139,hp037
fig-001140,tlm007
fig-001141,col192
fig-001142,pln086
fig-001143,twn216
fig-001144,cty0340
fig-001145,cty1734
fig-001146,col083
fig-001147,sw0399
fig-001148,ovr012
fig-001149,col085
fig-001150,nex036
fig-001151,nba048
fig-001152,pln165
fig-001153,twn445
fig-001154,sp060
fig-001155,trn112
fig-001156,col044
fig-001157,col019
fig-001158,nex032
fig-001159,twn227
fig-001160,dp010
fig-001161,ovr028
fig-001162,sw0547
fig-001163,frnd0061
fig-001164,tlm011
fig-001165,sp050
fig-001166,tlm014
fig-001167,hgh002
fig-001168,sh0011
fig-001169,frnd0065
fig-001170,cty0493
fig-001171,cty0471
fig-001172,loc057
fig-001173,dp023
fig-001174,loc096
fig-001175,loc082
fig-001176,cty1715
fig-001177,loc094
fig-001178,firec019
fig-001179,loc003
fig-001180,cty0459
fig-001181,dp011
fig-001182,col005
fig-001183,s002
fig-001184,shell005
fig-001185,pln164
fig-001186,col022
fig-001187,col014
fig-001188,gen054
fig-001189,col015
fig-001190,mof007
fig-001191,pln051
fig-001192,cas515
fig-001193,pln025
fig-001194,frnd0088
fig-001195,shell004
fig-001196,firec004
fig-001197,firec005
fig-001198,pln071
fig-001199,sw0466
fig-001200,exf006
fig-001201,cty0075
fig-001202,cty0106
fig-001203,cty1716
fig-001204,doc028
fig-001205,firec015
fig-001206,jstr007
fig-001207,cty1717
fig-001208,hol082
fig-001209,cty0041
fig-001210,pln159
fig-001211,ww019
fig-001212,oct028
fig-001214,soc089
fig-001215,col035
fig-001216,col039
fig-001217,col038
fig-001218,cas542
fig-001219,col052
fig-001220,col018
fig-001221,col087
fig-001222,col115
fig-001223,col021
fig-001224,col124
fig-001225,exx002
fig-001226,frnd0089
fig-001227,sw0621
fig-001228,sw0431
fig-001229,ext002
fig-001230,col017
fig-001231,ext019
fig-001232,frnd0070
fig-001233,loc051
fig-001234,sp009
fig-001235,sw0713
fig-001236,pi033
fig-001237,col189
fig-001238,col194
fig-001239,col186
fig-001240,col190
fig-001241,col193
fig-001242,tls088
fig-001243,pln178
fig-001244,cty1714
fig-001245,frnd0087
fig-001246,gen043
fig-001247,sc023
fig-001248,col245
fig-001249,hol004
fig-001250,ovr007
fig-001251,frnd0007
fig-001252,pln179
fig-001253,col246
fig-001254,njo0196
fig-001255,gen030
fig-001256,col247
fig-001257,sw0505
fig-001258,frnd0003
fig-001259,col248
fig-001260,lor086
fig-001261,col249
fig-001262,col253
fig-001263,col250
fig-001264,col254
fig-001265,col251
fig-001266,col255
fig-001267,col252
fig-001268,jred013
fig-001269,col256
fig-001270,col257
fig-001271,col258
fig-001272,nex037
fig-001273,twn025
fig-001274,poc011
fig-001275,sw0595
fig-001276,cty0306
fig-001277,cty0359
fig-001278,njo0219
fig-001279,njo0203
fig-001280,njo0249
fig-001281,njo0269
fig-001282,njo0251
fig-001283,njo0271
fig-001284,frnd0107
fig-001285,rsq004a
fig-001286,frnd0098
fig-001287,sw0608
fig-001288,col023
fig-001289,spp008
fig-001290,cty0034
fig-001291,sw0633
fig-001292,cty0520
fig-001293,sw0607
fig-001294,cty1713
fig-001295,njo0202
fig-001296,nex026
fig-001297,sw0609
fig-001298,dim020
fig-001299,frnd0022
fig-001300,njo0188
fig-001301,elf012
fig-001302,njo0117
fig-001303,frnd0038
fig-001304,cty1727
fig-001305,ext018
fig-001306,col113
fig-001307,njo0120
fig-001308,cty0634
fig-001309,pln067
fig-001310,elf014
fig-001311,sw0038
fig-001312,con008
fig-001313,loc095
fig-001314,col195
fig-001315,loc046
fig-001316,col196
fig-001317,col197
fig-001318,col198
fig-001319,col199
fig-001320,col032
fig-001321,loc009
fig-001322,col068
fig-001323,loc040
fig-001324,col026
fig-001325,col097
fig-001326,col033
fig-001327,col118
fig-001328,loc031
fig-001329,col119
fig-001330,sw0597
fig-001331,col201
fig-001332,loc014
fig-001333,sw0596
fig-001334,loc047
fig-001335,tlm008
fig-001336,col202
fig-001337,col028
fig-001338,col203
fig-001339,col150
fig-001340,col205
fig-001341,exf019
fig-001342,ac005
fig-001343,ac014
fig-001344,col206
fig-001345,elf013
fig-001346,post007
fig-001347,col207
fig-001348,elf001
fig-001349,col241
fig-001350,col208
fig-001351,col236
fig-001352,col235
fig-001353,col209
fig-001354,elf003
fig-001355,col240
fig-001356,col210
fig-001357,MBA002
fig-001358,col200
fig-001359,elf006
fig-001360,lor002
fig-001361,old036
fig-001362,frnd0064
fig-001363,tnt003
fig-001364,njo0119
fig-001365,njo0044
fig-001366,njo0035
fig-001367,loc134
fig-001368,cty0636
fig-001369,njo0036
fig-001370,dp002
fig-001371,tgb003
fig-001372,sh0015
fig-001373,frnd0099
fig-001374,loc104
fig-001375,cty0465
fig-001376,frnd0074
fig-001377,frnd0071
fig-001378,sc001
fig-001379,zip045
fig-001380,sc003
fig-001381,pln052
fig-001382,sp003
fig-001383,dim018
fig-001384,sw0432
fig-001385,frnd0100
fig-001386,cty0309
fig-001387,cty1729
fig-001388,frnd0156
fig-001389,cty0310
fig-001390,sc002
fig-001391,njo0161
fig-001392,njo0160
fig-001393,njo0157
fig-001394,njo0139
fig-001395,frnd0166
fig-001396,njo0159
fig-001397,col162
fig-001398,njo0158
fig-001399,dim019
fig-001400,njo0178
fig-001401,frnd0108
fig-001402,frnd0110
fig-001403,cty0535
fig-001404,sw0630
fig-001405,njo0162
fig-001406,njo0141
fig-001407,sw0296
fig-001408,sw0365
fig-001409,cty1741
fig-001410,cty0312
fig-001411,cty0384
fig-001412,njo0207
fig-001413,sw0566
fig-001414,sim018
fig-001415,sh0018
fig-001416,sw0340
fig-001417,elf017
fig-001418,loc148
fig-001419,sw0021
fig-001420,idea001
fig-001421,dfb004
fig-001422,scd001
fig-001423,cty0204
fig-001424,sh0004
fig-001425,sim028
fig-001426,njo0073
fig-001427,dim022
fig-001428,tlm098
fig-001429,njo0111
fig-001430,dim012
fig-001431,sim029
fig-001432,col211
fig-001433,dim005
fig-001434,njo0128
fig-001435,dim003
fig-001436,col212
fig-001437,rac007
fig-001438,col213
fig-001439,tlm046
fig-001440,cty0287
fig-001441,sh0208
fig-001442,dim007
fig-001443,post003
fig-001444,col214
fig-001445,pi178
fig-001446,col215
fig-001447,sh0155
fig-001448,col216
fig-001449,tlm072
fig-001450,frnd0006
fig-001451,col217
fig-001452,col234
fig-001453,cty0223
fig-001454,cty0368
fig-001455,cas475
fig-001456,col218
fig-001457,sh0141
fig-001458,frnd0198
fig-001459,col219
fig-001460,col231
fig-001461,dp003
fig-001462,col220
fig-001463,col237
fig-001464,col221
fig-001465,col230
fig-001466,col222
fig-001467,col223
fig-001468,frnd0005
fig-001469,col224
fig-001470,col225
fig-001471,sim030
fig-001472,sim031
fig-001473,sim032
fig-001474,sim033
fig-001475,sim034
fig-001476,sim035
fig-001477,sim036
fig-001478,sim037
fig-001479,col122
fig-001480,sim038
fig-001481,sim039
fig-001482,pln087
fig-001483,sw0722
fig-001484,dim009
fig-001485,tlm057
fig-001486,cty0311
fig-001487,sim026
fig-001488,njo0132
fig-001489,col110
fig-001490,njo0031
fig-001491,sw0503
fig-001492,cty0267
fig-001493,frnd0157
fig-001494,frnd0179
fig-001495,shg008
fig-001496,sw0705
fig-001497,frnd0136
fig-001498,pck013
fig-001499,cty0483
fig-001500,frnd0135
fig-001501,frnd0137
fig-001502,frnd0140
fig-001503,pln008
fig-001504,spp014
fig-001505,cty1740
fig-001506,frnd0224
fig-001507,frnd0141
fig-001508,coltlbm01
fig-001509,coltlbm02
fig-001510,coltlbm03
fig-001511,coltlbm04
fig-001512,pha009
fig-001513,coltlbm05
fig-001514,trn047
fig-001515,coltlbm06
fig-001516,sw0120
fig-001517,dp113
fig-001518,wc017
fig-001519,sw0458
fig-001520,rac024
fig-001521,coltlbm07
fig-001522,spp012
fig-001523,coltlbm08
fig-001524,coltlbm09
fig-001525,dino001
fig-001526,coltlbm10
fig-001527,coltlbm11
fig-001528,coltlbm12
fig-001529,sw0400
fig-001530,coltlbm14
fig-001531,coltlbm13
fig-001532,coltlbm15
fig-001533,coltlbm16
fig-001534,coltlbm17
fig-001535,cty0296
fig-001536,coltlbm18
fig-001537,twn154
fig-001538,coltlbm19
fig-001539,coltlbm20
fig-001540,rac047
fig-001541,sh0318
fig-001542,frnd0039
fig-001543,mba001
fig-001544,MBA003
fig-001545,zip010
fig-001546,cty0698
fig-001547,twn286
fig-001548,cty0712
fig-001549,frnd0001
fig-001550,sw0631
fig-001551,fst015
fig-001552,sw0544
fig-001553,sw0268a
fig-001554,sh0153
fig-001555,moa002
fig-001556,dim031
fig-001557,dim029
fig-001558,dim025
fig-001559,dim034
fig-001560,dim030
fig-001561,cty0738
fig-001562,moa001
fig-001563,sh0304
fig-001564,cty0747
fig-001565,sh0177
fig-001566,sw0602
fig-001567,nex082
fig-001568,frnd0194
fig-001569,frnd0189
fig-001570,frnd0257
fig-001571,frnd0202
fig-001572,nex039b
fig-001573,shg009
fig-001574,sw0715
fig-001575,sh0301
fig-001576,sh0294
fig-001577,dim040
fig-001578,twn304
fig-001579,sw0788
fig-001580,sw0802
fig-001581,sc036
fig-001582,cty0739
fig-001583,sw0801
fig-001584,nex084
fig-001585,cty0748
fig-001586,elf032
fig-001587,nex073
fig-001588,nex083
fig-001589,NEX078
fig-001590,cty0741
fig-001591,sw0761
fig-001592,elf033
fig-001593,dim042
fig-001594,elf031
fig-001596,frnd0204
fig-001597,twn278
fig-001598,col298
fig-001599,col288
fig-001600,col289
fig-001601,col301
fig-001602,col297
fig-001603,col296
fig-001604,col291
fig-001605,frnd0193
fig-001606,cty1706
fig-001607,sw0757
fig-001608,frnd0210
fig-001609,njo0304
fig-001610,col286
fig-001611,col287
fig-001612,col290
fig-001613,col293
fig-001614,col295
fig-001615,col294
fig-001616,col299
fig-001617,sh0419
fig-001618,twn303
fig-001619,col292
fig-001620,hol115
fig-001621,cty0792
fig-001622,sh0390
fig-001623,cty0808
fig-001624,dim047
fig-001625,dim043
fig-001626,dim046
fig-001627,elf036
fig-001628,dp043
fig-001629,frnd0216
fig-001630,shg010
fig-001631,frnd0211
fig-001632,sw0764b
fig-001633,frnd0225
fig-001634,dim054
fig-001635,dim051
fig-001636,dim050
fig-001637,coltlnm03
fig-001638,coltlnm04
fig-001639,coltlnm06
fig-001640,coltlnm07
fig-001641,coltlnm08
fig-001642,coltlnm09
fig-001643,coltlnm10
fig-001644,coltlnm11
fig-001645,coltlnm12
fig-001646,coltlnm13
fig-001647,coltlnm14
fig-001648,coltlnm17
fig-001649,coltlnm18
fig-001650,coltlnm19
fig-001651,coltlnm20
fig-001652,coltlnm01
fig-001653,hol099
fig-001654,njo0307
fig-001655,dp022
fig-001656,coltlnm02
fig-001657,cty0807
fig-001658,sw0850
fig-001659,cty0743
fig-001660,njo0346
fig-001661,twn307
fig-001662,nex075
fig-001663,cty0856
fig-001664,cty0840
fig-001665,twn306
fig-001666,frnd0245
fig-001667,frnd0274
fig-001668,trn241
fig-001669,frnd0241
fig-001670,frnd0238
fig-001671,frnd0232
fig-001672,frnd0235
fig-001673,frnd0234
fig-001674,frnd0233
fig-001675,cty0878
fig-001676,cty0841
fig-001677,cty0842
fig-001678,cty0846
fig-001679,dp037
fig-001680,dp044
fig-001681,dp050
fig-001682,cty0888
fig-001683,min017
fig-001684,njo0414
fig-001685,njo0406
fig-001686,njo0404
fig-001687,njo0407
fig-001688,njo0405
fig-001689,njo0408
fig-001690,njo0432
fig-001691,sw0723
fig-001692,elf044
fig-001693,elf046
fig-001694,elf048
fig-001695,coltlbm25
fig-001696,coltlbm26
fig-001697,coltlbm27
fig-001698,coltlbm28
fig-001699,coltlbm29
fig-001700,coltlbm30
fig-001701,coltlbm31
fig-001702,coltlbm32
fig-001703,coltlbm33
fig-001704,coltlbm34
fig-001705,coltlbm35
fig-001706,coltlbm36
fig-001707,coltlbm37
fig-001708,coltlbm38
fig-001709,coltlbm39
fig-001710,coltlbm41
fig-001711,coltlbm42
fig-001712,coltlbm43
fig-001713,coltlbm44
fig-001714,sw0532
fig-001715,sw0902
fig-001716,sh0428
fig-001717,gen112
fig-001718,hol116
fig-001719,njo0374
fig-001720,njo0280
fig-001721,sh0448
fig-001723,tls094
fig-001724,gen098
fig-001725,frnd0730
fig-001726,sc053
fig-001727,sc055
fig-001728,sc054
fig-001729,cty0669
fig-001730,cty0887
fig-001731,cty1708
fig-001732,cty0946
fig-001733,cty0619
fig-001734,njo0425
fig-001735,sw0903
fig-001736,chef025
fig-001737,col312
fig-001738,col313
fig-001739,col314
fig-001740,col315
fig-001741,col316
fig-001742,col317
fig-001743,col318
fig-001744,col329
fig-001745,col320
fig-001746,col321
fig-001747,col322
fig-001748,col323
fig-001749,col324
fig-001750,col325
fig-001751,col326
fig-001752,col327
fig-001753,col328
fig-001755,frnd0260
fig-001756,frnd0248
fig-001757,cty1707
fig-001758,cty1698
fig-001759,frnd0250
fig-001760,nex139
fig-001761,njo0348
fig-001762,njo0347
fig-001763,njo0187
fig-001764,njo0287
fig-001765,njo0308
fig-001766,njo0297
fig-001767,njo0305
fig-001768,njo0306
fig-001769,njo0222
fig-001770,njo0277
fig-001771,njo0375
fig-001772,njo0285
fig-001773,njo0136
fig-001774,nex102
fig-001775,nex115
fig-001776,nex062
fig-001777,nex080
fig-001778,frnd0244
fig-001779,gen133
fig-001780,sw0653
fig-001781,cty1722
fig-001782,frnd0268
fig-001783,sw0834
fig-001784,dp024
fig-001785,incr010
fig-001786,dp059
fig-001787,cty0906
fig-001788,cty0928
fig-001789,njo0449
fig-001790,njo0451
fig-001791,njo0452
fig-001792,cty0922
fig-001793,njo0427
fig-001795,njo0450
fig-001796,njo0453
fig-001797,nex124
fig-001798,dp057
fig-001799,cty0903
fig-001800,sw0935
fig-001801,sw0934
fig-001802,frnd0269
fig-001803,sh0535
fig-001804,sh0312
fig-001805,sh0306
fig-001806,cty1697
fig-001807,nex144
fig-001808,njo0424
fig-001809,njo0431
fig-001810,sw0676
fig-001811,njo0426
fig-001812,col330
fig-001813,col340
fig-001814,gen033
fig-001815,sh0533
fig-001816,sh0517
fig-001817,sw0702
fig-001818,hp150
fig-001819,sh0519
fig-001820,sh0527
fig-001821,colhp01
fig-001822,colhp02
fig-001823,colhp03
fig-001824,colhp04
fig-001825,colhp05
fig-001826,colhp06
fig-001827,colhp07
fig-001828,colhp08
fig-001829,colhp09
fig-001830,colhp10
fig-001831,colhp11
fig-001832,colhp12
fig-001833,colhp13
fig-001834,colhp14
fig-001835,colhp15
fig-001836,colhp16
fig-001837,colhp17
fig-001838,colhp18
fig-001839,colhp19
fig-001840,colhp20
fig-001841,colhp21
fig-001842,colhp22
fig-001843,sw0846
fig-001844,sh0354
fig-001845,njo0070
fig-001846,jw023
fig-001847,cty0830
fig-001848,frnd0207
fig-001849,nex119
fig-001850,nex145
fig-001851,nex146
fig-001852,njo0433
fig-001853,njo0445
fig-001854,njo0455
fig-001855,njo0478
fig-001856,njo0479
fig-001857,sw0766
fig-001858,njo0232
fig-001859,sh0265
fig-001860,njo0428
fig-001861,njo0261
fig-001862,njo0250
fig-001863,njo0114a
fig-001864,njo0345
fig-001865,njo0091
fig-001866,nex116
fig-001867,njo0216
fig-001868,loc015
fig-001869,cty0708
fig-001870,sh0473
fig-001871,cty0562
fig-001872,sh0300
fig-001873,cty0530
fig-001874,cty0258
fig-001875,njo0002
fig-001876,cty0257
fig-001877,cty1696
fig-001878,air044
fig-001879,cty0285
fig-001880,cty0423
fig-001881,cty1695
fig-001882,cty0272
fig-001883,cty0299
fig-001884,cty1694
fig-001885,cty0264
fig-001886,tlm045
fig-001887,sw0760
fig-001888,cty1709
fig-001889,sw0769
fig-001890,cty0870
fig-001891,hol034
fig-001892,sw0848
fig-001893,col338
fig-001894,cty0945
fig-001895,fst025
fig-001896,njo0480
fig-001897,njo0391a
fig-001898,sh0534
fig-001899,dp051
fig-001900,tlm123
fig-001901,col227
fig-001902,njo0180
fig-001903,nex125
fig-001904,nex059
fig-001905,sh0441
fig-001906,njo0099
fig-001907,cas260
fig-001908,tlm125
fig-001909,tlm124
fig-001910,tlm115
fig-001911,tlm143
fig-001912,sw0808
fig-001913,sw1001
fig-001914,frnd0280
fig-001915,frnd0302
fig-001916,frnd0284
fig-001917,frnd0291
fig-001918,frnd0301
fig-001919,frnd0290
fig-001920,sc077
fig-001921,cty1693
fig-001922,crs011
fig-001923,dp062
fig-001924,cty0981
fig-001925,cty0987
fig-001926,njo0492
fig-001927,njo0489
fig-001928,njo0494
fig-001929,njo0493
fig-001930,njo0390
fig-001931,tls099
fig-001932,sw0985
fig-001933,twn364
fig-001934,cty0955
fig-001937,tlm142
fig-001938,cty0965
fig-001939,sw0778
fig-001940,sw0568
fig-001941,nex149
fig-001942,nex148
fig-001943,nex147
fig-001944,njo0467
fig-001945,tlm105
fig-001946,tlm144
fig-001947,tlm117
fig-001948,nex150
fig-001949,gen132
fig-001950,njo0594
fig-001951,cty0982
fig-001952,cty1002
fig-001953,sh0038
fig-001954,frnd0303
fig-001956,cty1692
fig-001957,tlm148
fig-001958,tlm149
fig-001959,tlm157
fig-001960,tlm152
fig-001961,tlm151
fig-001962,tlm155
fig-001963,tlm153
fig-001964,tlm150
fig-001965,tlm161
fig-001966,tlm163
fig-001967,tlm164
fig-001968,tlm166
fig-001969,tlm165
fig-001970,tlm159
fig-001971,tlm156
fig-001972,tlm158
fig-001973,tlm162
fig-001974,tlm160
fig-001975,tlm154
fig-001976,sh0392
fig-001977,njo0273
fig-001978,cty1001
fig-001979,njo0509
fig-001980,sh0531
fig-001981,tlm173
fig-001982,cty1004
fig-001983,tlm116
fig-001984,tlm195
fig-001985,njo0218
fig-001986,toy016
fig-001987,njo0515
fig-001988,hol144
fig-001989,cty1006
fig-001990,tlm174
fig-001991,sh0514
fig-001992,njo0464
fig-001993,dis024
fig-001994,dis025
fig-001995,dis029
fig-001996,dis026
fig-001997,dis027
fig-001998,dis028
fig-001999,dis030
fig-002000,dis031
fig-002001,dis035
fig-002002,dis034
fig-002003,dis033
fig-002004,dis032
fig-002005,dis039
fig-002006,dis038
fig-002007,dis040
fig-002008,dis041
fig-002009,dis037
fig-002010,dis036
fig-002011,sh0575
fig-002012,sh0584
fig-002013,idea051
fig-002014,sh0050
fig-002015,sh0314
fig-002016,sh0293
fig-002017,sh0434
fig-002018,sh0142
fig-002019,hp133
fig-002020,lor091
fig-002021,cty1007
fig-002022,cty1754
fig-002023,njo0533
fig-002024,njo0534
fig-002025,ovr035
fig-002026,cty1055a
fig-002027,cty1091
fig-002028,cty1726
fig-002029,frnd0315
fig-002030,frnd0318
fig-002031,frnd0314
fig-002032,frnd0313
fig-002033,frnd0312
fig-002034,alp015
fig-002035,poc001
fig-002036,poc034
fig-002037,ww001
fig-002039,njo0516
fig-002040,cty1745
fig-002041,sw1033
fig-002043,cty0961
fig-002044,sh0586
fig-002045,sw0762
fig-002046,sh0489
fig-002047,sw0224
fig-002048,sw0197
fig-002049,frnd0337
fig-002050,njo0475b
fig-002051,cty0489
fig-002053,sw0686
fig-002054,chef026
fig-002055,sh0016b
fig-002056,sc078
fig-002057,sw0677
fig-002058,jw015
fig-002059,njo0549
fig-002060,hp139
fig-002061,cty1062
fig-002062,hol110
fig-002063,trn247
fig-002064,frnd0342
fig-002065,tlm206
fig-002066,sw1069
fig-002067,lor057
fig-002068,njo0551
fig-002069,col357
fig-002070,col341
fig-002071,col342
fig-002072,col343
fig-002073,col344
fig-002074,col345
fig-002075,col347
fig-002076,col348
fig-002077,col349
fig-002078,col350
fig-002079,col351
fig-002080,col352
fig-002081,col353
fig-002082,col354
fig-002083,col355
fig-002084,col356
fig-002085,njo0495
fig-002086,sw0707
fig-002088,njo0553
fig-002089,sw0905
fig-002090,cty1736
fig-002091,dp073
fig-002092,cty1737
fig-002093,dp069
fig-002094,sh0515
fig-002095,cty1089
fig-002096,hs001
fig-002097,njo0513
fig-002098,dp071
fig-002099,sp098
fig-002100,cty1090
fig-002101,njo0556
fig-002102,cty1059
fig-002103,cty1105
fig-002104,sw1072
fig-002105,mar0026
fig-002106,frnd0326
fig-002107,sc083
fig-002108,sc082
fig-002109,frnd0348
fig-002110,frnd0361
fig-002111,frnd0359
fig-002112,frnd0360
fig-002113,moa004
fig-002114,dp078a
fig-002115,cty1106
fig-002116,sw1050
fig-002117,cty1140
fig-002118,min009
fig-002119,cty1148
fig-002120,cty1157
fig-002121,cty1149
fig-002122,sc081
fig-002123,njo0557
fig-002124,gen148
fig-002125,gen139
fig-002126,hs019
fig-002127,colsh04
fig-002128,dp079
fig-002129,colsh12
fig-002130,fst023
fig-002131,hp134a
fig-002132,cty1093
fig-002133,gen160
fig-002134,jw020
fig-002135,njo0555
fig-002136,hp197
fig-002137,cty1143
fig-002138,hs041
fig-002139,hol196
fig-002140,njo0530
fig-002141,sh0621
fig-002142,frnd0368
fig-002143,frnd0371
fig-002144,frnd0370
fig-002145,frnd0369
fig-002146,frnd0309
fig-002147,trn252
fig-002148,hp181
fig-002149,sw0931
fig-002150,hs002
fig-002151,njo0522
fig-002152,njo0576
fig-002153,cty1042
fig-002154,twn403
fig-002155,njo0532
fig-002156,tlm018
fig-002157,tlm056
fig-002158,tlm063
fig-002159,tlm064
fig-002160,tlm065
fig-002161,tlm027
fig-002162,tlm028
fig-002163,tlm034
fig-002164,tlm037
fig-002165,tlm036
fig-002166,tlm035
fig-002167,tlm023
fig-002168,tlm024
fig-002169,tlm031
fig-002170,tlm032
fig-002171,tlm033
fig-002172,tlm040
fig-002173,tlm039
fig-002174,tlm038
fig-002175,sh0488
fig-002176,sh0487
fig-002177,tlm021
fig-002178,tlm020
fig-002179,tlm019
fig-002180,sh0335
fig-002181,sh0334
fig-002182,sh0333
fig-002183,tlm022
fig-002184,sh0336
fig-002185,tlm029
fig-002186,tlm017
fig-002187,tlm025
fig-002188,sh0523
fig-002189,tlm047
fig-002190,sh0522
fig-002191,tlm042
fig-002192,tlm044
fig-002193,tlm030
fig-002194,tlm043
fig-002195,tlm041
fig-002196,tlm060
fig-002197,tlm055
fig-002198,sh0513
fig-002199,tlm054
fig-002200,tlm053
fig-002201,tlm052
fig-002202,sh0600
fig-002203,sh0599
fig-002204,sh0598
fig-002205,sh0299
fig-002206,sh0303
fig-002207,sh0302
fig-002208,sh0173
fig-002209,tlm051
fig-002210,tlm050
fig-002211,tlm049
fig-002212,sh0491
fig-002213,sh0020
fig-002214,sh0025
fig-002215,sh0024
fig-002216,sh0008
fig-002217,tlm059
fig-002218,njo0116
fig-002219,njo0115
fig-002220,njo0118
fig-002221,njo0121
fig-002222,njo0176
fig-002223,njo0177
fig-002224,adv040
fig-002225,adv016
fig-002226,adv015
fig-002227,adv002
fig-002228,adv043
fig-002229,gen001
fig-002230,adv019
fig-002231,sp054b
fig-002232,gen007
fig-002233,sp017
fig-002234,gen008
fig-002235,gen006
fig-002236,adv046
fig-002237,adv048
fig-002238,sp099
fig-002239,adv045
fig-002240,adv049
fig-002241,adv031
fig-002242,adv030
fig-002243,adv035
fig-002244,adv036
fig-002245,adv047
fig-002246,adv027
fig-002247,adv034
fig-002248,adv028
fig-002249,adv026
fig-002250,gen004
fig-002251,adv023
fig-002252,adv008
fig-002253,sp114
fig-002254,sp113
fig-002255,sp118
fig-002256,sp101
fig-002257,sp096
fig-002258,adv056
fig-002259,adv055
fig-002260,agt013
fig-002261,sp091
fig-002262,agt017
fig-002263,agt016
fig-002264,agt002
fig-002265,agt010
fig-002266,agt018
fig-002267,sp093
fig-002268,sp102
fig-002269,agt019
fig-002270,agt003
fig-002271,sp103
fig-002272,sp105
fig-002273,agt020
fig-002274,sp107
fig-002275,agt011
fig-002276,sp106
fig-002277,sp095
fig-002278,sp097
fig-002279,sp109
fig-002280,agt001
fig-002281,sp110
fig-002282,sp112
fig-002283,agt012
fig-002284,sp111
fig-002285,sp115
fig-002286,agt014
fig-002287,sp116
fig-002288,sp117
fig-002289,sp100
fig-002290,agt008
fig-002291,agt015
fig-002292,sp092
fig-002293,sp094
fig-002294,agt001a
fig-002295,agt006
fig-002296,sp104
fig-002297,agt005
fig-002298,agt004
fig-002299,sp119
fig-002300,agt007
fig-002301,agt009
fig-002302,agt021
fig-002303,agt024
fig-002304,agt022
fig-002305,agt023
fig-002306,alp001
fig-002307,alp005
fig-002308,alp006
fig-002309,gen017
fig-002310,aqu026
fig-002311,aqu027
fig-002312,aqu003
fig-002313,ang001
fig-002314,ang002
fig-002315,bio006
fig-002316,bio005
fig-002317,bio007
fig-002318,bio001
fig-002319,bio002
fig-002320,bio004
fig-002321,bio003
fig-002322,bio008
fig-002323,bio012
fig-002324,njo0023
fig-002325,cas328
fig-002326,cas341
fig-002327,frnd0021
fig-002328,frnd0012
fig-002329,frnd0013
fig-002330,sw0001c
fig-002331,frnd0020
fig-002332,colsh10
fig-002333,atl006a
fig-002334,cas018a
fig-002335,4j005
fig-002336,frnd0015
fig-002337,frnd0018
fig-002338,frnd0019
fig-002339,frnd0026
fig-002340,frnd0025
fig-002341,frnd0028
fig-002342,frnd0045
fig-002343,frnd0047
fig-002344,frnd0046
fig-002345,frnd0050
fig-002346,frnd0049
fig-002347,frnd0032
fig-002348,frnd0033
fig-002349,frnd0043
fig-002350,frnd0044
fig-002351,frnd0042a
fig-002352,frnd0035
fig-002353,frnd0034
fig-002354,frnd0069
fig-002355,frnd0068
fig-002356,frnd0055
fig-002357,frnd0056
fig-002358,frnd0066
fig-002359,frnd0067
fig-002360,frnd0082
fig-002361,frnd0084
fig-002362,frnd0085
fig-002363,frnd0083
fig-002364,frnd0081
fig-002365,frnd0080
fig-002366,frnd0075
fig-002367,frnd0076
fig-002368,frnd0058
fig-002369,frnd0057a
fig-002370,frnd0073
fig-002371,frnd0072
fig-002372,frnd0059
fig-002373,frnd0060
fig-002374,frnd0092
fig-002375,frnd0091
fig-002376,frnd0128
fig-002377,frnd0129
fig-002378,frnd0127
fig-002379,frnd0131
fig-002380,frnd0130
fig-002381,frnd0114
fig-002382,frnd0113
fig-002383,frnd0115
fig-002384,frnd0116
fig-002385,frnd0117
fig-002386,frnd0096
fig-002387,frnd0097
fig-002388,frnd0093
fig-002389,frnd0094
fig-002390,frnd0104
fig-002391,frnd0103
fig-002392,frnd0111
fig-002393,frnd0112
fig-002394,frnd0120
fig-002395,frnd0121
fig-002396,frnd0118
fig-002397,frnd0119
fig-002398,frnd0122
fig-002399,frnd0123
fig-002400,frnd0124
fig-002401,frnd0126
fig-002402,frnd0125
fig-002403,frnd0152
fig-002404,frnd0151
fig-002405,frnd0149
fig-002406,frnd0150
fig-002407,frnd0148
fig-002408,frnd0187
fig-002409,frnd0188
fig-002410,frnd0161
fig-002411,frnd0162
fig-002412,frnd0170
fig-002413,frnd0169
fig-002414,frnd0168
fig-002415,frnd0143
fig-002416,frnd0142
fig-002417,frnd0191
fig-002418,frnd0192
fig-002419,frnd0178
fig-002420,frnd0177
fig-002421,frnd0176
fig-002422,alp030
fig-002423,alp022
fig-002424,alp031
fig-002425,alp026
fig-002426,alp029
fig-002427,alp021
fig-002428,alp024
fig-002429,alp028
fig-002430,alp032
fig-002431,alp027
fig-002432,alp002
fig-002433,alp003
fig-002434,aqu022
fig-002435,aqu025
fig-002436,aqu021
fig-002437,atl002a
fig-002438,crs012
fig-002439,gen031
fig-002440,atl004
fig-002441,atl007
fig-002442,atl013
fig-002443,atl008
fig-002444,atl012
fig-002445,atl011
fig-002446,atl009
fig-002447,atl005
fig-002448,atl010
fig-002449,atl015
fig-002450,atl019
fig-002451,atl020
fig-002452,atl022
fig-002453,atl024
fig-002454,atl017
fig-002455,atl023
fig-002456,atl023
fig-002457,atl014
fig-002458,atl016
fig-002459,atl018
fig-002460,ava001
fig-002461,ava004
fig-002462,ava003
fig-002463,ava007
fig-002464,ava006
fig-002465,ava002
fig-002466,nex029
fig-002467,njo0397
fig-002468,njo0398
fig-002469,njo0401
fig-002470,njo0039
fig-002471,pi109
fig-002472,pi110
fig-002473,sw0527
fig-002474,njo0021
fig-002475,njo0034
fig-002476,cas254
fig-002477,cas253
fig-002478,cas217
fig-002479,cas218
fig-002480,cas074
fig-002481,cas075
fig-002482,cas358
fig-002483,gen002
fig-002484,cas318
fig-002485,cty0426
fig-002486,cty0427
fig-002487,cty0428
fig-002488,bio010
fig-002489,bio011
fig-002490,bio009
fig-002491,bio016
fig-002492,bio018
fig-002493,bio013
fig-002494,bio015a
fig-002495,bio015
fig-002496,bio014
fig-002497,bio021
fig-002498,bio019
fig-002499,bio020
fig-002500,bio017
fig-002501,bio022
fig-002502,bio026
fig-002503,bio014a
fig-002504,bio023
fig-002505,bio024
fig-002506,sw0359
fig-002507,SW0380
fig-002508,njo0092
fig-002509,njo0005
fig-002510,njo0028
fig-002511,njo0011
fig-002512,njo0019
fig-002513,loc147
fig-002514,sw0700
fig-002515,sw0636b
fig-002516,sw0768
fig-002517,sw0634a
fig-002518,sw0770
fig-002519,sw0773
fig-002520,sw0529
fig-002521,sw0521b
fig-002522,sw0779
fig-002523,sw0552
fig-002524,sw0585
fig-002525,sw0774
fig-002526,sw0775
fig-002527,sw0771
fig-002528,sw0772
fig-002529,sw0777
fig-002530,sw0635
fig-002531,njo0276
fig-002532,njo0278
fig-002533,njo0286
fig-002534,njo0301
fig-002535,njo0275
fig-002536,njo0274
fig-002537,sh0047
fig-002538,sh0049
fig-002539,sh0160
fig-002540,sh0162
fig-002541,sh0161
fig-002542,sw1006
fig-002543,sw0739
fig-002544,sw0661
fig-002545,sw0740
fig-002546,sw0675
fig-002547,sw0673
fig-002548,sw0674
fig-002549,sw0878
fig-002550,sw0879
fig-002551,sw0841
fig-002552,sw0655
fig-002553,jw021
fig-002554,jw022
fig-002555,tlm112
fig-002556,sw0756
fig-002557,sw0843
fig-002558,sw0849
fig-002559,njo0098
fig-002560,twn342
fig-002561,twn343
fig-002562,alp016
fig-002563,alp012
fig-002564,alp018
fig-002565,sh0425
fig-002566,sh0408
fig-002567,sh0407
fig-002568,sh0409
fig-002569,sh0406
fig-002570,njo0049
fig-002571,njo0060
fig-002572,njo0037
fig-002573,njo0040
fig-002574,njo0042
fig-002575,njo0046
fig-002576,njo0017
fig-002577,njo0027
fig-002578,njo0008
fig-002579,frnd0160
fig-002580,frnd0163
fig-002581,frnd0164
fig-002582,njo0491
fig-002583,frnd0138
fig-002584,frnd0139
fig-002585,frnd0159
fig-002586,frnd0158
fig-002587,frnd0146
fig-002588,frnd0145
fig-002589,frnd0155
fig-002590,frnd0153
fig-002591,frnd0154
fig-002592,frnd0208
fig-002593,frnd0209
fig-002594,frnd0223
fig-002595,frnd0214
fig-002596,frnd0215
fig-002597,frnd0227
fig-002598,frnd0226
fig-002599,frnd0228
fig-002600,frnd0182
fig-002601,frnd0183
fig-002602,frnd0196
fig-002603,frnd0197
fig-002604,frnd0199
fig-002605,frnd0219
fig-002606,frnd0220
fig-002607,frnd0212
fig-002608,frnd0213
fig-002609,frnd0218
fig-002610,frnd0217
fig-002611,frnd0221
fig-002612,frnd0222
fig-002613,frnd0184
fig-002614,frnd0186
fig-002615,frnd0185
fig-002616,frnd0275
fig-002617,frnd0229
fig-002618,frnd0230
fig-002619,frnd0270
fig-002620,frnd0271
fig-002621,frnd0243
fig-002622,frnd0242
fig-002623,frnd0261
fig-002624,frnd0262
fig-002625,frnd0253
fig-002626,frnd0254
fig-002627,frnd0239
fig-002628,twn405
fig-002629,frnd0276
fig-002630,frnd0266
fig-002631,frnd0264
fig-002632,frnd0265
fig-002633,frnd0267
fig-002634,frnd0247
fig-002635,frnd0246
fig-002636,frnd0237
fig-002637,frnd0236
fig-002638,frnd0272
fig-002639,frnd0273
fig-002640,frnd0252
fig-002641,frnd0251
fig-002642,frnd0277
fig-002643,frnd0278
fig-002644,frnd0331
fig-002645,frnd0330
fig-002646,frnd0296
fig-002647,frnd0297
fig-002648,frnd0321
fig-002649,frnd0322
fig-002650,frnd0292
fig-002651,frnd0293
fig-002652,frnd0456
fig-002653,frnd0240
fig-002654,frnd0298
fig-002655,frnd0299
fig-002656,frnd0335
fig-002657,frnd0336
fig-002658,frnd0333
fig-002659,frnd0334
fig-002660,gen134
fig-002661,gen135
fig-002662,frnd0310
fig-002663,twn404
fig-002664,frnd0305
fig-002665,frnd0304
fig-002666,frnd0329
fig-002667,frnd0328
fig-002668,frnd0288
fig-002669,frnd0287
fig-002670,frnd0289
fig-002671,frnd0295
fig-002672,frnd0294
fig-002673,frnd0308
fig-002674,frnd0316
fig-002675,frnd0323
fig-002676,frnd0324
fig-002677,frnd0285
fig-002678,frnd0286
fig-002679,frnd0327
fig-002680,frnd0362
fig-002681,sw0521
fig-002682,sw0520
fig-002683,sw0636
fig-002684,sw0634
fig-002685,sw1046
fig-002686,sw1045
fig-002687,sw0217
fig-002688,sw0175
fig-002689,sw0161a
fig-002690,sw0256
fig-002691,njo0362
fig-002692,njo0316
fig-002693,njo0315
fig-002694,njo0318
fig-002695,njo0326
fig-002696,njo0325
fig-002697,njo0320
fig-002698,frnd0346
fig-002699,njo0241
fig-002700,frnd0347
fig-002701,frnd0355
fig-002702,frnd0356
fig-002703,njo0243
fig-002704,njo0199a
fig-002705,njo0242
fig-002706,frnd0354
fig-002707,frnd0351
fig-002708,frnd0353
fig-002709,frnd0352
fig-002710,frnd0363
fig-002711,njo0140
fig-002712,frnd0364
fig-002713,frnd0343
fig-002714,frnd0344
fig-002715,frnd0357
fig-002716,frnd0358
fig-002717,frnd0365
fig-002718,frnd0366
fig-002719,frnd0350
fig-002720,frnd0349
fig-002721,njo0155
fig-002722,njo0179
fig-002723,njo0030
fig-002724,njo0024
fig-002725,njo0016
fig-002726,njo0014
fig-002727,njo0009
fig-002728,njo0003
fig-002729,njo0446
fig-002730,njo0535
fig-002731,njo0490
fig-002732,njo0496
fig-002733,njo0507
fig-002734,njo0508
fig-002735,njo0135
fig-002736,njo0134
fig-002737,njo0257
fig-002738,njo0259
fig-002739,njo0256
fig-002740,njo0258
fig-002741,njo0265
fig-002742,njo0260
fig-002743,njo0126
fig-002744,njo0125
fig-002745,njo0127
fig-002746,njo0129
fig-002747,njo0294
fig-002748,njo0288
fig-002749,njo0279
fig-002750,njo0289
fig-002751,njo0263
fig-002752,njo0264
fig-002753,njo0262
fig-002754,njo0220
fig-002755,njo0227
fig-002756,njo0224
fig-002757,njo0223
fig-002758,njo0221
fig-002759,njo0225
fig-002760,njo0226
fig-002761,njo0283
fig-002762,njo0296
fig-002763,njo0063
fig-002764,njo0238
fig-002765,njo0195
fig-002766,njo0237
fig-002767,njo0239
fig-002768,njo0200
fig-002769,njo0248
fig-002770,njo0204
fig-002771,njo0201
fig-002772,njo0208
fig-002773,njo0215
fig-002774,njo0212
fig-002775,njo0198
fig-002776,njo0575
fig-002777,sp055
fig-002778,njo0501
fig-002779,njo0574
fig-002780,njo0577
fig-002781,njo0022
fig-002782,njo0029
fig-002783,njo0025
fig-002784,njo0531
fig-002785,njo0529
fig-002786,njo0519
fig-002787,njo0521
fig-002788,njo0525
fig-002789,njo0523
fig-002790,njo0524
fig-002791,njo0468a
fig-002792,njo0538
fig-002793,njo0540
fig-002794,njo0552
fig-002795,njo0539
fig-002796,njo0547
fig-002797,njo0550
fig-002798,njo0541
fig-002799,njo0546
fig-002800,njo0548
fig-002801,njo0458
fig-002802,njo0466
fig-002803,njo0459
fig-002804,njo0468
fig-002805,njo0393
fig-002806,njo0423
fig-002807,gen094
fig-002808,njo0385
fig-002809,njo0383
fig-002810,njo0388
fig-002811,njo0382
fig-002812,njo0384
fig-002813,njo0386
fig-002814,njo0476
fig-002815,njo0389
fig-002816,njo0402
fig-002817,njo0477
fig-002818,njo0475
fig-002819,njo0474
fig-002820,njo0429
fig-002821,njo0430
fig-002822,njo0564
fig-002823,njo0568
fig-002824,njo0563
fig-002825,njo0573
fig-002826,njo0567
fig-002827,njo0596
fig-002828,njo0497
fig-002829,njo0498
fig-002830,njo0506
fig-002831,njo0505
fig-002832,njo0578
fig-002833,njo0579
fig-002834,njo0572
fig-002835,njo0593
fig-002836,njo0587
fig-002837,njo0588
fig-002838,njo0566
fig-002839,njo0561
fig-002840,njo0559
fig-002841,njo0565
fig-002842,njo0560
fig-002843,njo0558
fig-002844,njo0562
fig-002845,njo0580
fig-002846,njo0584
fig-002847,njo0581
fig-002848,njo0586
fig-002849,njo0590
fig-002850,njo0592
fig-002851,njo0589
fig-002852,njo0591
fig-002853,njo0585
fig-002854,njo0595
fig-002855,njo0582
fig-002856,njo0503
fig-002857,njo0504
fig-002858,njo0502
fig-002859,njo0499
fig-002860,njo0500
fig-002861,njo0518
fig-002862,njo0517
fig-002863,njo0545
fig-002864,njo0544
fig-002865,njo0514
fig-002866,njo0536
fig-002867,njo0537
fig-002868,njo0554
fig-002869,njo0543
fig-002870,njo0542
fig-002871,njo0391
fig-002872,njo0392
fig-002873,njo0380
fig-002874,njo0360
fig-002875,njo0412
fig-002876,njo0411
fig-002877,njo0322
fig-002878,njo0421
fig-002879,njo0379
fig-002880,njo0422
fig-002881,njo0394
fig-002882,njo0400
fig-002883,njo0395
fig-002884,njo0396
fig-002885,njo0403
fig-002886,njo0387
fig-002887,njo0319
fig-002888,njo0324
fig-002889,njo0321
fig-002890,njo0317
fig-002891,njo0310
fig-002892,gen047
fig-002893,njo0354
fig-002894,njo0323
fig-002895,njo0314
fig-002896,njo0311
fig-002897,njo0447
fig-002898,njo0469
fig-002899,njo0470
fig-002900,njo0473
fig-002901,njo0462
fig-002902,njo0472
fig-002903,njo0463
fig-002904,njo0465
fig-002905,njo0488
fig-002906,njo0461
fig-002907,njo0457
fig-002908,njo0460
fig-002909,njo0456
fig-002910,njo0416
fig-002911,njo0415
fig-002912,njo0364
fig-002913,njo0312
fig-002914,njo0378
fig-002915,njo0413
fig-002916,njo0377
fig-002917,njo0381
fig-002918,njo0357
fig-002919,njo0358
fig-002920,njo0355
fig-002921,njo0356
fig-002922,njo0338
fig-002923,njo0290
fig-002924,njo0284
fig-002925,njo0282
fig-002926,njo0293
fig-002927,njo0292
fig-002928,njo0291
fig-002929,njo0295
fig-002930,njo0281
fig-002931,njo0313
fig-002932,njo0350
fig-002933,njo0349
fig-002934,njo0352
fig-002935,njo0351
fig-002936,njo0353
fig-002937,njo0365
fig-002938,njo0367
fig-002939,njo0366
fig-002940,njo0361
fig-002941,njo0409
fig-002942,njo0309
fig-002943,njo0341
fig-002944,njo0373
fig-002945,njo0372
fig-002946,njo0368
fig-002947,njo0369
fig-002948,njo0370
fig-002949,njo0371
fig-002950,njo0359
fig-002951,njo0363
fig-002952,njo0376
fig-002953,njo0336
fig-002954,njo0333
fig-002955,njo0331
fig-002956,njo0342
fig-002957,njo0334
fig-002958,njo0340
fig-002959,njo0343
fig-002960,njo0344
fig-002961,njo0328
fig-002962,njo0327
fig-002963,njo0337
fig-002964,njo0329
fig-002965,njo0332
fig-002966,njo0335
fig-002967,njo0339
fig-002968,njo0194
fig-002969,njo0233
fig-002970,njo0234
fig-002971,njo0235
fig-002972,njo0236
fig-002973,njo0197
fig-002974,njo0193
fig-002975,njo0192
fig-002976,njo0191
fig-002977,njo0190
fig-002978,njo0189
fig-002979,njo0209
fig-002980,njo0010
fig-002981,njo0054
fig-002982,njo0066
fig-002983,njo0056
fig-002984,njo0067
fig-002985,njo0064
fig-002986,njo0053
fig-002987,gen035
fig-002988,njo0020
fig-002989,njo0078
fig-002990,njo0072
fig-002991,njo0077
fig-002992,njo0110
fig-002993,njo0109
fig-002994,njo0055
fig-002995,njo0082
fig-002996,njo0081
fig-002997,njo0080
fig-002998,njo0076
fig-002999,njo0074
fig-003000,njo0075
fig-003001,njo0071
fig-003002,njo0085
fig-003003,njo0084
fig-003004,njo0083
fig-003005,njo0086
fig-003006,njo0101
fig-003007,njo0100
fig-003008,njo0147
fig-003009,gen069
fig-003010,njo0166
fig-003011,njo0154
fig-003012,njo0153
fig-003013,njo0152
fig-003014,njo0114
fig-003015,njo0183
fig-003016,njo0182
fig-003017,njo0174
fig-003018,njo0184
fig-003019,njo0122
fig-003020,njo0123
fig-003021,njo0113
fig-003022,njo0131
fig-003023,njo0133
fig-003024,njo0096
fig-003025,njo0095
fig-003026,njo0097
fig-003027,njo0094
fig-003028,njo0087
fig-003029,njo0088
fig-003030,njo0089
fig-003031,njo0090
fig-003032,njo0156
fig-003033,njo0144
fig-003034,njo0124
fig-003035,njo0142
fig-003036,njo0165
fig-003037,njo0163
fig-003038,njo0167
fig-003039,njo0173
fig-003040,njo0151
fig-003041,njo0150
fig-003042,njo0211
fig-003043,njo0210
fig-003044,njo0244
fig-003045,njo0247
fig-003046,njo0245
fig-003047,njo0246
fig-003048,njo0266
fig-003049,njo0268
fig-003050,njo0267
fig-003051,njo0138
fig-003052,njo0145
fig-003053,njo0143
fig-003054,njo0272
fig-003055,njo0487
fig-003056,njo0471
fig-003057,njo0079
fig-003058,njo0103
fig-003059,njo0104
fig-003060,njo0093
fig-003061,njo0107
fig-003062,njo0105
fig-003063,njo0106
fig-003064,njo0149
fig-003065,njo0148
fig-003066,njo0175
fig-003067,njo0168
fig-003068,njo0164
fig-003069,njo0172
fig-003070,njo0171
fig-003071,njo0170
fig-003072,njo0169
fig-003073,njo0112
fig-003074,njo0255
fig-003075,njo0252
fig-003076,njo0253
fig-003077,njo0254
fig-003078,njo0302
fig-003079,njo0303
fig-003080,njo0482
fig-003081,njo0481
fig-003082,dim011
fig-003083,hp061
fig-003084,hp063
fig-003085,hp056a
fig-003086,hp046
fig-003087,hp045
fig-003088,nex132
fig-003089,nex134
fig-003090,nex129
fig-003091,nex126
fig-003092,nex131
fig-003093,nex136
fig-003094,nex128
fig-003095,nex135
fig-003096,nex127
fig-003097,nex138
fig-003098,nex137
fig-003099,nex130
fig-003100,nex133
fig-003101,nex088
fig-003102,nex086
fig-003103,nex087
fig-003104,nex076
fig-003105,nex006
fig-003106,nex081
fig-003107,nex142
fig-003108,nex143
fig-003109,nex141
fig-003110,nex109
fig-003111,nex110
fig-003112,nex111
fig-003113,nex067
fig-003114,nex068
fig-003115,nex066
fig-003116,nex108
fig-003117,nex096
fig-003118,nex089
fig-003119,nex097
fig-003120,nex093
fig-003121,nex095
fig-003122,nex106
fig-003123,nex071
fig-003124,nex070
fig-003125,nex069
fig-003126,nex074
fig-003127,nex121
fig-003128,nex123
fig-003129,nex101
fig-003130,nex122
fig-003131,nex100
fig-003132,nex099
fig-003133,nex077
fig-003134,nex091
fig-003135,nex105
fig-003136,nex019
fig-003137,NEX098
fig-003138,NEX103
fig-003139,NEX107
fig-003140,NEX094
fig-003141,NEX079
fig-003142,nex117
fig-003143,nex090
fig-003144,njo0300
fig-003145,njo0298
fig-003146,njo0299
fig-003147,njo0569
fig-003148,njo0512
fig-003149,njo0511
fig-003150,njo0510
fig-003151,njo0528
fig-003152,njo0527
fig-003153,njo0526
fig-003154,njo0448
fig-003155,njo0230
fig-003156,njo0228
fig-003157,njo0231
fig-003158,njo0229
fig-003159,njo0442
fig-003160,njo0440
fig-003161,njo0443
fig-003162,njo0439
fig-003163,njo0437
fig-003164,njo0438
fig-003165,njo0444
fig-003166,njo0436
fig-003167,njo0441
fig-003168,njo0435
fig-003169,njo0434
fig-003170,nex041
fig-003171,nex040
fig-003172,nex038
fig-003173,nex063
fig-003174,nex003
fig-003175,nex050
fig-003176,nex051
fig-003177,nex010
fig-003178,nex020
fig-003179,nex011
fig-003180,nex005
fig-003181,nex012
fig-003182,nex065
fig-003183,nex064
fig-003184,nex007
fig-003185,nex060
fig-003186,nex008
fig-003187,nex016
fig-003188,nex017
fig-003189,nex004
fig-003190,nex031
fig-003191,nex021
fig-003192,nex053
fig-003193,nex022
fig-003194,nex023
fig-003195,nex054
fig-003196,nex056
fig-003197,nex055
fig-003198,nex030
fig-003199,nex058
fig-003200,nex001
fig-003201,nex049
fig-003202,nex002
fig-003203,nex048
fig-003204,nex047
fig-003205,nex013
fig-003206,nex046
fig-003207,nex018
fig-003208,nex025
fig-003209,nex015
fig-003210,nex014
fig-003211,nex043
fig-003212,nex042
fig-003213,nex045
fig-003214,nex044
fig-003215,nex061
fig-003216,nex034
fig-003217,nex033
fig-003218,nex009
fig-003219,nex035
fig-003220,toy008
fig-003221,toy009
fig-003222,toy024
fig-003223,toy018
fig-003224,toy019
fig-003225,toy020
fig-003226,toy025
fig-003227,toy017
fig-003228,toy026
fig-003229,rex02
fig-003230,toy023
fig-003231,toy002
fig-003232,toy005
fig-003233,lotso2
fig-003234,toy007
fig-003235,toy012
fig-003236,toy011
fig-003237,toy010
fig-003238,lotso1
fig-003239,toy013
fig-003240,toy014
fig-003241,toy015
fig-003242,21042pb01c03
fig-003243,scd008
fig-003244,scd003
fig-003245,scd009
fig-003246,20690pb01c03
fig-003247,scd002
fig-003248,20690pb01c01
fig-003249,21042pb01c02
fig-003250,21042pb01c01
fig-003251,scd006
fig-003252,scd004
fig-003253,scd007
fig-003254,scd011
fig-003255,scd005
fig-003256,scd010
fig-003257,20690pb01c02
fig-003258,scd014
fig-003259,scd013
fig-003260,scd012
fig-003261,bob001
fig-003262,bob002
fig-003263,bob003
fig-003264,bob005
fig-003265,bob006
fig-003266,bob008
fig-003267,bob007
fig-003268,bob013
fig-003269,bob014
fig-003270,bob012
fig-003271,bob015
fig-003272,bob016
fig-003273,bob017
fig-003274,bob020
fig-003275,bob019
fig-003276,bob022
fig-003277,bob021
fig-003278,bob023
fig-003279,bob029
fig-003280,bob028
fig-003281,bob031
fig-003282,bob030
fig-003283,bob025
fig-003284,bob026
fig-003285,bob038
fig-003286,bob037
fig-003287,bob036
fig-003288,bob035
fig-003289,bob032
fig-003290,bob033
fig-003291,bob034
fig-003292,cty1738
fig-003293,ppg001
fig-003294,dim053
fig-003295,ppg002
fig-003296,dim052
fig-003297,mof011
fig-003298,mof010
fig-003299,mof006
fig-003300,mof003
fig-003301,mof004
fig-003302,mof001
fig-003303,mof002
fig-003304,mof014
fig-003305,mof015
fig-003306,mof013
fig-003307,mof005
fig-003308,gen044
fig-003309,gen046
fig-003310,col020
fig-003311,mof018
fig-003312,mof016
fig-003313,mof017
fig-003314,gen001
fig-003315,mof020
fig-003316,mof008
fig-003317,mof019
fig-003318,mof009
fig-003319,tnt012
fig-003320,tnt011
fig-003321,tnt024
fig-003322,tnt023
fig-003323,tnt048
fig-003324,tnt045
fig-003325,tnt044
fig-003326,tnt047
fig-003327,tnt046
fig-003328,tnt015
fig-003329,tnt016
fig-003330,tnt017
fig-003331,tnt018
fig-003332,tnt022
fig-003333,tnt002
fig-003334,tnt005
fig-003335,tnt004
fig-003336,tnt014
fig-003337,tnt036
fig-003338,tnt038
fig-003339,tnt037
fig-003340,tnt035
fig-003341,tnt019
fig-003342,tnt020
fig-003343,tnt026
fig-003344,tnt027
fig-003345,tnt025
fig-003346,tnt029
fig-003347,tnt028
fig-003348,tnt030
fig-003349,tnt042
fig-003350,tnt043
fig-003351,tnt040
fig-003352,tnt041
fig-003353,tnt031
fig-003354,tnt033
fig-003355,tnt032
fig-003356,tnt034
fig-003357,tnt051
fig-003358,tnt049
fig-003359,tnt052
fig-003360,tnt050
fig-003361,tnt054
fig-003362,tnt007
fig-003363,tnt008
fig-003364,tnt009
fig-003365,tnt010
fig-003366,uagt019
fig-003367,uagt020
fig-003368,uagt035
fig-003369,uagt036
fig-003370,uagt022
fig-003371,uagt024
fig-003372,uagt037
fig-003373,uagt029
fig-003374,uagt028
fig-003375,uagt030
fig-003376,uagt010
fig-003377,uagt033
fig-003378,uagt034
fig-003379,agt025
fig-003380,agt026
fig-003381,agt030
fig-003382,agt029
fig-003383,agt027
fig-003384,agt028
fig-003385,twn077
fig-003386,twn079
fig-003387,twn078
fig-003388,agt013a
fig-003389,twn406
fig-003390,uagt007
fig-003391,uagt006
fig-003392,uagt005
fig-003393,uagt008
fig-003394,uagt009
fig-003395,uagt003
fig-003396,uagt004
fig-003397,uagt012
fig-003398,uagt011
fig-003399,uagt013
fig-003400,uagt014
fig-003401,uagt001
fig-003402,uagt002
fig-003403,uagt016
fig-003404,uagt017
fig-003405,uagt015
fig-003406,uagt018
fig-003407,uagt025
fig-003408,uagt023
fig-003409,uagt032
fig-003410,uagt031
fig-003411,uagt027
fig-003412,uagt026
fig-003413,uagt021
fig-003414,dim002
fig-003415,dim001
fig-003416,tlm099
fig-003417,dim006
fig-003418,dim004
fig-003419,jw011
fig-003420,lor031
fig-003421,dim008
fig-003422,dim017
fig-003423,sh0111
fig-003424,sh0292
fig-003425,dim037
fig-003426,dim036
fig-003427,dim048
fig-003428,dim049
fig-003429,dp090
fig-003430,dp091
fig-003431,dim039
fig-003432,dim045
fig-003433,dim032
fig-003434,dim033
fig-003435,dim041
fig-003436,dim044
fig-003437,shg011
fig-003438,shg004
fig-003439,shg006
fig-003440,shg005
fig-003441,shg013
fig-003442,shg012
fig-003443,shg015
fig-003444,shg016
fig-003445,shg014
fig-003446,shg002
fig-003447,shg003
fig-003448,alp033
fig-003449,alp007
fig-003450,dino006
fig-003451,dino007
fig-003452,dino002
fig-003453,dino008
fig-003454,dino005
fig-003455,dino003
fig-003456,dino004
fig-003457,din002
fig-003458,din001
fig-003459,din003
fig-003460,din004
fig-003461,din005
fig-003462,din007
fig-003463,din008
fig-003464,elf015
fig-003465,elf018
fig-003466,elf016
fig-003467,elf011
fig-003468,elf009
fig-003469,elf010
fig-003470,elf007
fig-003471,elf008
fig-003472,elf005
fig-003473,elf004
fig-003474,elf002
fig-003475,elf037
fig-003476,elf034
fig-003477,elf020
fig-003478,elf019
fig-003480,elf021
fig-003481,elf023
fig-003482,elf022
fig-003483,elf051
fig-003484,elf050
fig-003485,elf043
fig-003486,elf042
fig-003487,elf034b
fig-003488,elf040
fig-003489,elf035
fig-003490,dp004
fig-003491,dp005
fig-003492,dp007
fig-003493,dp006
fig-003494,dp008
fig-003495,dp009
fig-003496,elf059
fig-003497,elf054
fig-003498,elf053
fig-003499,sw0897
fig-003500,sw1086
fig-003501,sw1074
fig-003502,sw1084
fig-003503,sw1085
fig-003504,sw0078
fig-003505,sw0062
fig-003506,sw0061
fig-003507,sw0075
fig-003508,sw0028
fig-003509,sw0010
fig-003510,sw0076
fig-003511,sw0048
fig-003512,sw0001a
fig-003513,sw0005
fig-003514,sw0044
fig-003515,sw0045
fig-003516,sw0003
fig-003517,sw0004
fig-003518,sw0041
fig-003519,sw0071
fig-003520,sw0072
fig-003521,sw0079
fig-003522,sw0070
fig-003523,sw0058
fig-003524,sw0101
fig-003525,sw0102
fig-003526,sw0019
fig-003527,sw0019a
fig-003528,sw0012a
fig-003529,sw0108
fig-003530,sw0110
fig-003531,sw0111
fig-003532,sw0023a
fig-003533,sw0109
fig-003534,sw0051
fig-003535,sw0106
fig-003536,sw0028
fig-003537,sw0113
fig-003538,sw0090
fig-003539,sw0088
fig-003540,sw0089
fig-003541,sw0155
fig-003542,sw0123
fig-003543,sw0040
fig-003544,sw0036a
fig-003545,sw0157
fig-003546,sw0154
fig-003547,sw0028a
fig-003548,sw0002a
fig-003549,sw0087
fig-003550,sw0084
fig-003551,sw0086
fig-003552,sw0083
fig-003553,sw0085
fig-003554,sw0150
fig-003555,sw0149
fig-003556,sw0151
fig-003557,sw0153
fig-003558,sw0032a
fig-003559,sw0082
fig-003560,sw0031a
fig-003561,sw0081
fig-003562,sw0080
fig-003563,ow016
fig-003564,ow017
fig-003565,dp014
fig-003566,dp013
fig-003567,dp016
fig-003568,dp015
fig-003569,dp017
fig-003570,dp020
fig-003571,dp018
fig-003572,dp019
fig-003573,dp025
fig-003574,moa003
fig-003575,dp038
fig-003576,dp040
fig-003577,dp039
fig-003578,dp042
fig-003579,dp021
fig-003580,dp041
fig-003581,dp034
fig-003582,dp061
fig-003583,dp088
fig-003584,dp089
fig-003585,dp087
fig-003586,dp056
fig-003587,dp055
fig-003588,dp048
fig-003589,dp049
fig-003590,dp067
fig-003591,dp066
fig-003592,dp063
fig-003593,dp064
fig-003594,dp065
fig-003595,dp052
fig-003596,dp054
fig-003598,dp095a
fig-003599,dp081
fig-003600,dp080
fig-003601,dp082
fig-003602,dp046
fig-003603,dp045
fig-003604,ow011
fig-003605,ow012
fig-003606,ow013
fig-003607,ow008
fig-003608,sw0016
fig-003609,sw0012
fig-003610,sw0018
fig-003611,sw0065
fig-003612,sw0001b
fig-003613,sw0017
fig-003614,sw0027
fig-003615,sw0013
fig-003616,sw0052
fig-003617,sw0099
fig-003618,sw0023
fig-003619,sw0020
fig-003620,sw0015
fig-003621,sw0060
fig-003622,sw0029
fig-003623,sw0033
fig-003624,sw0036
fig-003625,sw0034
fig-003626,sw0009
fig-003627,sw0007
fig-003628,sw0050
fig-003629,sw0067
fig-003630,sw0030
fig-003631,sw0031
fig-003632,sw0059
fig-003633,sw0100
fig-003634,sw0055a
fig-003635,sw0008
fig-003636,sw0025
fig-003637,sw0032
fig-003638,sw0043
fig-003639,sw0042
fig-003640,sw0056
fig-003641,sw0057
fig-003642,sw0063
fig-003643,sw0024
fig-003644,sw0006
fig-003645,sw0054
fig-003646,sw0053
fig-003647,sw0132
fig-003648,sw0129
fig-003649,sw0116
fig-003650,sw0134
fig-003651,sw0135
fig-003652,sw0138
fig-003653,sw0139
fig-003654,sw0047
fig-003655,sw0069
fig-003656,sw0046
fig-003657,sw0068
fig-003658,sw0026
fig-003659,sw0014
fig-003660,sw0117
fig-003661,sw0033a
fig-003662,sw0004a
fig-003663,sw0128
fig-003664,sw0148
fig-003665,sw0131
fig-003666,sw0127
fig-003667,sw0126
fig-003668,sw0092
fig-003669,sw0134a
fig-003670,sw0128a
fig-003671,sw0091
fig-003672,sw0152
fig-003673,sw0124
fig-003674,sw0114
fig-003675,sw0122
fig-003676,sw0165
fig-003677,sw0167
fig-003678,sw0012b
fig-003679,sw0115
fig-003680,sw0168
fig-003681,sw0170
fig-003682,sw0169
fig-003683,sw0172a
fig-003684,sw0173
fig-003685,sw0172
fig-003686,sw0180
fig-003687,sw0095
fig-003688,sw0096
fig-003689,sw0164
fig-003690,sw0163
fig-003691,sw0162
fig-003692,sw0160
fig-003693,sw0159
fig-003694,sw0109a
fig-003695,sw0036b
fig-003696,sw0094
fig-003697,sw0188
fig-003698,sw0344
fig-003699,sw0345
fig-003700,sw0346
fig-003701,sw0342
fig-003702,sw0343
fig-003703,sw0349
fig-003704,sw0347
fig-003705,sw0348
fig-003706,sw0230
fig-003707,sw0310
fig-003708,sw0314
fig-003709,sw0313
fig-003710,sw0312
fig-003711,sw0220
fig-003712,sw0031b
fig-003713,sw0247
fig-003714,sw0250
fig-003715,sw0249
fig-003716,sw0248
fig-003717,sw0251
fig-003718,sw0246
fig-003719,sw0245
fig-003720,sw0190
fig-003721,sw0225
fig-003722,sw0231
fig-003724,sw0192
fig-003725,sw0252
fig-003726,sw0253
fig-003728,sw0233
fig-003729,sw0184
fig-003730,sw0202b
fig-003731,sw0193
fig-003732,sw0183
fig-003733,sw0203
fig-003734,sw0001d
fig-003735,sw0195
fig-003736,sw0198
fig-003737,sw0196
fig-003738,sw0200
fig-003739,sw0194
fig-003740,sw0182
fig-003741,sw0181
fig-003742,sw0964
fig-003743,dp085
fig-003744,dp084
fig-003745,dp083
fig-003746,dp086
fig-003747,dp074
fig-003748,dp072
fig-003749,dp070
fig-003750,dp075
fig-003751,dp041
fig-003752,dp076
fig-003753,twn402
fig-003754,sw0228
fig-003755,sw0222
fig-003756,sw0229
fig-003757,sw0337
fig-003758,sw0277
fig-003759,sw0334
fig-003760,sw0335
fig-003761,sw0336
fig-003762,sw0330
fig-003763,sw0332
fig-003764,sw0333
fig-003765,sw0219
fig-003766,sw0331
fig-003767,sw0325
fig-003768,sw0328
fig-003769,sw0326
fig-003770,sw0327
fig-003771,sw0329
fig-003772,sw0323
fig-003773,sw0321
fig-003774,sw0324
fig-003775,sw0322
fig-003776,sw0319
fig-003777,sw0341
fig-003778,sw0316
fig-003779,sw0318
fig-003780,sw0317
fig-003781,sw0221
fig-003782,sw0223
fig-003783,sw0339
fig-003784,sw0005a
fig-003785,sw0338
fig-003786,sw0309
fig-003787,sw0308
fig-003788,sw0307
fig-003789,sw0306
fig-003790,sw0305
fig-003791,sw0303
fig-003792,sw0304
fig-003793,sw0301
fig-003794,sw0300
fig-003795,sw0299
fig-003796,sw0297
fig-003797,sw0298
fig-003798,sw0360
fig-003799,sw0213
fig-003800,sw0473
fig-003801,sw0370
fig-003802,sw0969
fig-003803,sw1039
fig-003804,sw0995
fig-003805,sw0241
fig-003806,sw0095a
fig-003807,sw0260
fig-003808,sw0258
fig-003809,sw0259
fig-003810,sw0244
fig-003811,sw0243
fig-003812,sw0236
fig-003813,sw0237
fig-003814,sw0235
fig-003815,sw0238
fig-003816,sw0208
fig-003817,sw0179
fig-003819,sw0240
fig-003820,sw0239
fig-003822,sw0255
fig-003823,sw0227
fig-003824,sw0264
fig-003825,sw0263
fig-003826,sw0262
fig-003827,sw0261
fig-003828,SW0456
fig-003829,SW0825
fig-003831,sw0939
fig-003832,sw0274
fig-003833,sw0273
fig-003834,sw0269
fig-003835,sw0272
fig-003836,gen019
fig-003837,sw0098
fig-003838,wampa
fig-003839,sw0267
fig-003840,sw0265
fig-003841,sw0266
fig-003843,sw0284
fig-003844,sw0285
fig-003845,sw0200a
fig-003847,sw0286
fig-003848,sw0280
fig-003849,sw0279
fig-003850,sw0278
fig-003851,sw0282
fig-003852,sw0210
fig-003853,sw0283
fig-003854,sw0281
fig-003855,sw0254
fig-003856,sw0226
fig-003857,sw0216a
fig-003858,sw0119
fig-003859,sw0287
fig-003860,sw0288
fig-003861,sw0367
fig-003862,sw0368
fig-003863,sw0005b
fig-003865,sw0366
fig-003866,sw0378
fig-003867,sw0377
fig-003868,sw0289
fig-003869,sw0295
fig-003870,sw0291
fig-003871,sw0290
fig-003873,sw0415
fig-003874,sw0411
fig-003875,sw0413
fig-003876,sw0414
fig-003877,sw0387
fig-003878,sw0409
fig-003879,sw0410
fig-003880,sw0392
fig-003881,sw0393
fig-003882,sw0390
fig-003883,sw0391
fig-003884,sw0389
fig-003885,sw0397
fig-003886,sw0398
fig-003887,sw0395
fig-003888,sw0369
fig-003889,sw0371
fig-003890,sw0361
fig-003891,sw0363
fig-003892,sw0362
fig-003893,sw0373
fig-003894,sw0372
fig-003895,sw0375
fig-003896,sw0376
fig-003897,sw0374
fig-003898,sw0379
fig-003900,sw0381
fig-003901,sw0382
fig-003902,sw0383
fig-003903,sw0364
fig-003904,sw0145
fig-003905,sw0141
fig-003906,sw0142
fig-003907,sw0140
fig-003908,sw0107
fig-003909,frnd0031
fig-003910,sw0105
fig-003911,sw0103
fig-003912,sw0104
fig-003913,sw0422
fig-003914,frnd0133
fig-003915,frnd0134
fig-003916,sw0417
fig-003918,frnd0181
fig-003919,sw0420
fig-003920,frnd0180
fig-003921,sw0419
fig-003922,sw0421
fig-003923,sw0418
fig-003925,frnd0029
fig-003926,sw0416
fig-003928,frnd0030
fig-003929,sw0402
fig-003930,sw0406
fig-003931,sw0403
fig-003932,sw0405
fig-003933,sw0404
fig-003934,sw0407
fig-003935,sw0512
fig-003936,sw0504
fig-003937,sw0509
fig-003938,sw0508
fig-003941,sw0513
fig-003942,sw0510
fig-003943,sw0451
fig-003944,sw0511
fig-003945,sw0350
fig-003946,sw0351
fig-003947,sw0352
fig-003948,sw0293
fig-003949,sw0292
fig-003951,sw0294
fig-003952,sw0176
fig-003953,sw0174
fig-003954,sw0212
fig-003955,sw0040b
fig-003956,sw0205
fig-003957,sw0206
fig-003958,sw0207
fig-003959,sw0177
fig-003960,sw0204
fig-003961,sw0178
fig-003963,sw0763
fig-003964,sw0437
fig-003965,sw0446
fig-003966,sw0448
fig-003967,sw0445
fig-003968,sw0447
fig-003971,sw0440
fig-003972,sw0444
fig-003973,sw0443
fig-003974,sw0436
fig-003975,sw0438
fig-003976,sw0441
fig-003977,sw0469
fig-003978,sw0467b
fig-003979,sw0468
fig-003980,sw0461
fig-003981,sw0462
fig-003982,sw0452
fig-003983,sw0453
fig-003984,sw0454
fig-003985,sw0449
fig-003987,sw0450
fig-003988,sw0434
fig-003989,sw0433
fig-003990,sw0439
fig-003991,sw0435
fig-003992,sw0501
fig-003993,sw0500
fig-003994,sw0499
fig-003996,sw0497
fig-003997,sw0496
fig-003998,sw0498
fig-003999,sw0493
fig-004000,sw0495
fig-004001,sw0494
fig-004002,sw0490
fig-004003,sw0488
fig-004004,sw0491
fig-004005,sw0492
fig-004006,sw0489
fig-004007,sw0217a
fig-004008,sw0486
fig-004009,sw0483
fig-004010,sw0485
fig-004011,sw0487
fig-004012,sw0480
fig-004013,sw0479
fig-004014,sw0481
fig-004015,sw0467
fig-004016,sw0482
fig-004017,sw0477
fig-004018,sw0478
fig-004019,sw0476
fig-004020,sw0475
fig-004021,sw0471
fig-004022,sw0474
fig-004023,sw0472
fig-004024,sw0518
fig-004025,sw0536
fig-004027,sw0515
fig-004028,sw0535
fig-004029,sw0534
fig-004030,sw0525
fig-004031,sw0526
fig-004032,sw0524
fig-004033,sw0522
fig-004034,sw0523
fig-004035,sw0519
fig-004036,sw0538
fig-004038,sw0537
fig-004039,sw0441a
fig-004040,sw0540
fig-004041,sw0600
fig-004042,sw0530
fig-004043,sw0528
fig-004044,sw0591
fig-004046,sw0561
fig-004047,sw0560
fig-004048,sw0590
fig-004049,sw0559
fig-004050,sw0555
fig-004051,sw0594
fig-004052,sw0593
fig-004053,sw0592
fig-004054,sw0583
fig-004056,sw0584
fig-004057,sw0586
fig-004058,sw0582
fig-004059,sw0579
fig-004060,sw0580
fig-004061,sw0575
fig-004062,sw0577
fig-004063,sw0578
fig-004064,crs005
fig-004065,sw0554
fig-004066,sw0553
fig-004067,sw0548a
fig-004068,sw0573
fig-004069,sw0570
fig-004070,sw0572
fig-004071,sw0571
fig-004072,sw0556
fig-004074,sw0558
fig-004075,sw0557
fig-004076,sw0567
fig-004077,sw0569
fig-004078,sw0565
fig-004079,sw0574a
fig-004081,sw0531
fig-004082,sw0542
fig-004083,sw0611
fig-004084,sw0612
fig-004085,sw0610
fig-004086,sw0629
fig-004087,sw0626
fig-004088,sw0627
fig-004089,sw0625
fig-004090,sw0623
fig-004091,sw0622
fig-004093,sw0620
fig-004094,sw0619
fig-004095,sw0604
fig-004096,sw0603
fig-004097,sw0617
fig-004098,sw0640
fig-004100,sw0641
fig-004101,sw0642
fig-004102,sw0639
fig-004103,sw0638
fig-004104,sw0574
fig-004105,sw0616
fig-004106,sw0606
fig-004107,sw0605
fig-004109,sw0613
fig-004110,sw0614
fig-004112,sw0615
fig-004113,sw0628
fig-004114,sw0670
fig-004115,sw0671
fig-004117,sw0672
fig-004119,sw0656
fig-004120,sw0657
fig-004121,sw0730
fig-004122,sw0729
fig-004123,sw0726
fig-004124,sw0725
fig-004125,sw0724
fig-004126,sw0731
fig-004127,sw0728
fig-004128,sw0727
fig-004129,sw0736
fig-004130,sw0735
fig-004131,sw0678
fig-004132,sw0734
fig-004133,sw0708
fig-004134,sw0649
fig-004135,sw0651
fig-004137,sw0650
fig-004138,sw0632
fig-004139,sw0646
fig-004140,sw0644
fig-004141,sw0643
fig-004142,sw0645
fig-004143,sw0648
fig-004144,sw0647
fig-004146,sw0663
fig-004147,sw0662
fig-004148,sw0664
fig-004149,sw0665
fig-004150,sw0654
fig-004151,sw0684
fig-004152,sw0669
fig-004153,sw0668
fig-004154,sw0666
fig-004155,sw0660
fig-004156,sw0658
fig-004157,sw0659
fig-004158,sw0933
fig-004159,sw0932
fig-004160,sw0895
fig-004161,sw0896
fig-004162,sw0889
fig-004163,sw0937
fig-004164,sw0938
fig-004165,sw0936
fig-004166,sw0992
fig-004167,cty1744
fig-004168,sw0996
fig-004169,sw0765
fig-004170,sw0752
fig-004171,sw0751
fig-004172,sw0826
fig-004173,sw0827
fig-004174,sw0718
fig-004175,sw0719
fig-004176,sw0720
fig-004177,sw0721
fig-004178,sw0703
fig-004179,sw0717
fig-004180,sw0709
fig-004181,sw0710
fig-004182,sw0711
fig-004183,sw0714
fig-004184,sw0706
fig-004185,sw0704
fig-004187,sw0693
fig-004189,sw0692
fig-004190,sw0691
fig-004191,sw0687
fig-004192,sw0689
fig-004193,sw0688
fig-004194,sw0690
fig-004195,sw0694
fig-004197,sw0695
fig-004198,sw0699
fig-004199,sw0697
fig-004200,sw0698
fig-004201,sw0696
fig-004202,sw0800
fig-004203,sw0758
fig-004204,sw0759
fig-004205,sw0747
fig-004206,sw0749
fig-004207,sw0748
fig-004208,sw0750
fig-004209,sw0794
fig-004210,sw0781
fig-004211,sw0782
fig-004212,sw0796
fig-004213,sw0798
fig-004214,sw0780
fig-004215,sw0790
fig-004216,sw0791
fig-004217,sw0793
fig-004218,sw0792
fig-004219,sw0787
fig-004220,sw0785
fig-004221,sw0786
fig-004222,sw0783
fig-004223,sw0797
fig-004224,sw0784
fig-004225,sw0789
fig-004226,sw0795
fig-004227,sw0745
fig-004228,sw0746
fig-004230,sw0744
fig-004231,sw0742
fig-004232,sw0743
fig-004233,sw0741
fig-004234,sw0738
fig-004236,sw0737
fig-004237,sw0754
fig-004238,sw0753
fig-004239,sw0755
fig-004240,sw0807
fig-004241,sw0832
fig-004242,sw0830
fig-004243,sw0828
fig-004244,sw0831a
fig-004245,sw0857
fig-004246,sw0858
fig-004247,sw0819
fig-004248,sw0818
fig-004249,sw0820
fig-004250,sw0821
fig-004251,sw0822
fig-004252,sw0823
fig-004253,sw0809
fig-004254,sw0816
fig-004255,sw0824
fig-004256,sw0815
fig-004257,sw0814
fig-004258,sw0813
fig-004259,sw0811
fig-004260,sw0817
fig-004261,sw0812
fig-004262,sw0810
fig-004263,sw0851
fig-004264,sw0852
fig-004265,sw0829
fig-004266,sw0835
fig-004267,sw0833
fig-004268,sw0837
fig-004269,sw0839
fig-004270,sw0840
fig-004271,sw0855
fig-004273,sw0860
fig-004274,sw0859
fig-004276,sw0842
fig-004277,sw0854
fig-004279,sw0853
fig-004280,sw0888
fig-004281,sw0887
fig-004282,sw0871
fig-004283,sw0886
fig-004284,sw0885
fig-004285,sw0884
fig-004286,sw0883
fig-004287,sw0869
fig-004288,sw0844
fig-004289,sw0845
fig-004290,sw0856
fig-004291,sw0870
fig-004292,sw0872
fig-004293,sw0866
fig-004295,sw0868
fig-004296,sw0867
fig-004297,sw0865
fig-004298,sw0863
fig-004299,sw0864
fig-004300,sw0862
fig-004301,sw1005
fig-004302,sw0861
fig-004303,sw0915
fig-004304,sw0916
fig-004305,sw0906
fig-004306,sw0908
fig-004307,sw0907
fig-004308,sw0913
fig-004309,sw0912
fig-004310,sw0914
fig-004311,sw0898
fig-004312,sw0893
fig-004314,sw0894
fig-004315,sw0901
fig-004316,sw0900
fig-004317,sw0943
fig-004318,sw0944
fig-004319,sw0952
fig-004321,sw0948
fig-004322,sw0949
fig-004323,sw0950
fig-004324,sw0951
fig-004325,sw0947
fig-004326,sw0942
fig-004327,sw0940
fig-004328,sw0941
fig-004329,sw0928
fig-004330,sw0922
fig-004331,sw0929
fig-004332,sw0923
fig-004333,sw0920
fig-004334,sw0924
fig-004335,sw0921
fig-004336,sw0919
fig-004337,sw0927
fig-004338,sw0926
fig-004339,sw0925
fig-004340,sw0917
fig-004341,sw0918
fig-004342,sw0990
fig-004343,sw0989
fig-004344,sw0970
fig-004345,sw0977
fig-004346,sw0975
fig-004347,sw0973
fig-004348,sw0974
fig-004349,sw0971
fig-004350,sw0972
fig-004351,sw0958
fig-004352,sw0976
fig-004353,sw0960
fig-004355,sw0961
fig-004356,sw0953
fig-004357,sw0955
fig-004358,sw0946
fig-004359,sw0945
fig-004360,sw0954
fig-004361,sw1020
fig-004362,sw1052
fig-004363,ww007
fig-004364,ww008
fig-004367,ww010
fig-004368,ww003
fig-004369,ww006
fig-004370,ww018
fig-004371,ww022
fig-004372,ww014
fig-004373,ww002
fig-004374,ww005
fig-004375,ww012
fig-004376,ww021
fig-004377,ww020
fig-004378,ww013
fig-004379,vik003
fig-004380,vik002
fig-004381,vik004
fig-004382,vik024
fig-004383,vik025
fig-004384,vik023
fig-004385,pln081
fig-004386,hor015
fig-004387,mmf005
fig-004388,fmf001
fig-004389,pln133
fig-004390,pln016
fig-004391,pln019
fig-004392,trn251
fig-004393,ncklc006
fig-004394,pln062
fig-004395,hor018
fig-004396,oct033
fig-004397,ovr012
fig-004398,pln023
fig-004399,pln022
fig-004400,pln002
fig-004401,pln024
fig-004402,trn110
fig-004403,sw1010
fig-004404,sw1012
fig-004405,sw1013
fig-004406,sw1011
fig-004408,sw1009
fig-004409,sw1008
fig-004410,sw1007
fig-004411,sw0997b
fig-004412,sw0991
fig-004413,sw0997a
fig-004414,sw1003
fig-004416,sw1002
fig-004417,sw0994
fig-004418,sw0999
fig-004419,sw1037
fig-004420,cas086a
fig-004421,sw1035
fig-004422,sw1036
fig-004423,cas085a
fig-004424,cas082a
fig-004425,sw1022
fig-004426,sw1021
fig-004427,cas081a
fig-004428,sw1034
fig-004429,sw1018
fig-004431,sw1019
fig-004432,sw1014
fig-004433,cas088a
fig-004434,sw1015
fig-004435,sw1016
fig-004436,cas087a
fig-004437,sw0982
fig-004438,cas084a
fig-004439,sw0981
fig-004440,sw1054
fig-004441,cas083a
fig-004442,sw1056
fig-004443,sw1055
fig-004445,sw1049
fig-004447,sw1053
fig-004448,sw1048
fig-004449,sw1047
fig-004450,sw1068
fig-004451,sw1067
fig-004452,sw1066
fig-004453,sw1062
fig-004454,sw1065
fig-004455,sw1061
fig-004456,sw1064
fig-004457,sw1063
fig-004460,sw1060
fig-004461,sw1059
fig-004462,hor019
fig-004463,sw1058
fig-004464,sw1057
fig-004465,ncklc010
fig-004467,sw1044
fig-004468,ver003
fig-004469,pln001
fig-004470,div024
fig-004471,sw1043
fig-004472,sw1027
fig-004474,sw1026
fig-004476,sw1025
fig-004477,cas002
fig-004478,cas003
fig-004479,cas282
fig-004480,sw1023
fig-004481,sw1024
fig-004482,sw0967
fig-004483,sw0446a
fig-004484,sw0517
fig-004485,sw0250a
fig-004486,cas233
fig-004487,sw1087
fig-004488,cas232
fig-004489,sw1088
fig-004490,sw1089
fig-004491,sw1083
fig-004492,sw1082
fig-004493,sw1081
fig-004494,cas230
fig-004495,sw1075
fig-004496,sw1076
fig-004497,cas229
fig-004498,sw1032
fig-004499,sw1031
fig-004500,sw1073
fig-004501,sw0882
fig-004502,sw0881
fig-004503,sw1028
fig-004504,sw1029
fig-004505,sw0911
fig-004506,sw0909
fig-004507,sw0910
fig-004508,sw1000
fig-004509,sw0986
fig-004510,cas229new
fig-004511,sw0988
fig-004512,sw0987
fig-004513,cas077
fig-004514,cas076
fig-004515,cas079
fig-004516,cas007
fig-004517,sw0956
fig-004518,sw0957
fig-004519,sw0890
fig-004520,sw0891
fig-004521,sw0892
fig-004522,sw1080
fig-004523,sw1078
fig-004524,cas089
fig-004525,sw1079
fig-004526,sw1077
fig-004527,sw0806
fig-004528,sw0805
fig-004529,sw0804
fig-004530,sw0803
fig-004531,cas292
fig-004532,cas492
fig-004533,cas413
fig-004534,cas204
fig-004535,sim011
fig-004536,sim022
fig-004537,sim005
fig-004538,cas105
fig-004539,cas237a
fig-004540,cas105
fig-004541,cas237a
fig-004542,sim001
fig-004543,cas107
fig-004544,sim002
fig-004545,sim006
fig-004546,sim004
fig-004547,cas113a
fig-004548,sim003
fig-004549,sim027
fig-004550,sim023
fig-004551,cas108
fig-004552,sim025
fig-004553,sim024
fig-004555,sh0112
fig-004556,sh0023
fig-004557,sh0007
fig-004558,sh0022
fig-004559,sh0021
fig-004560,sh0004
fig-004561,sh0012
fig-004562,sh0010
fig-004563,sh0009
fig-004564,sh0026
fig-004565,cas111
fig-004566,cas119a
fig-004567,cas113
fig-004568,cas119
fig-004569,cas288
fig-004570,cas222
fig-004571,cas109
fig-004572,cas110
fig-004573,cas120
fig-004574,cas238
fig-004575,cas111a
fig-004576,cas112
fig-004577,cas116
fig-004578,cas372
fig-004579,30533c01
fig-004580,sh0490
fig-004581,sh0033
fig-004582,sh0032
fig-004583,sh0017
fig-004584,sh0031
fig-004585,sh0014
fig-004586,sh0030
fig-004587,sh0029
fig-004588,sh0006
fig-004589,sh0019
fig-004590,sh0013
fig-004591,sh0035
fig-004592,sh0231
fig-004593,sh0041
fig-004594,sh0040
fig-004596,sh0060
fig-004598,sh0061
fig-004599,sh0058
fig-004601,sh0059
fig-004603,sh0057
fig-004604,sh0048
fig-004605,sh0084
fig-004606,sh0329
fig-004608,sh0353
fig-004609,sh0602
fig-004610,sh0601
fig-004611,sh0420
fig-004612,sh0377
fig-004613,sh0376
fig-004615,sh0266
fig-004616,sh0554
fig-004617,sh0605
fig-004618,sh0328
fig-004619,sh0326
fig-004620,sh0325
fig-004621,sh0327
fig-004623,sh0324
fig-004624,sh0322
fig-004625,sh0323
fig-004626,sh0321
fig-004627,sh0305
fig-004628,sh0307
fig-004629,sh0316
fig-004630,sh0086
fig-004632,sh0315
fig-004633,sh0350
fig-004634,sh0330
fig-004635,sh0320
fig-004636,sh0319
fig-004638,sh0398
fig-004639,sh0395
fig-004640,sh0416
fig-004641,sh0417
fig-004642,sh0415
fig-004643,sh0396
fig-004644,sh0414
fig-004645,sh0391
fig-004646,sh0402
fig-004647,sh0344
fig-004648,sh0345
fig-004650,sh0343
fig-004651,sh0341
fig-004652,sh0342
fig-004653,sh0338
fig-004654,sh0337
fig-004655,sh0352
fig-004657,sh0340
fig-004658,sh0346
fig-004659,sh0347
fig-004660,sh0339
fig-004661,sh0351
fig-004662,sh0332
fig-004663,sh0331
fig-004664,sh0308
fig-004665,sh0313
fig-004666,sh0311
fig-004667,sh0309
fig-004668,sh0310
fig-004669,vik009
fig-004670,vik007
fig-004671,vik010
fig-004672,vik008
fig-004673,vik005
fig-004674,vik006
fig-004675,vik001
fig-004676,vik011
fig-004677,vik014
fig-004678,vik012
fig-004679,vik013
fig-004680,vik015
fig-004681,vik019
fig-004682,vik022
fig-004683,vik016
fig-004684,vik020
fig-004685,vik021
fig-004686,vik018
fig-004687,vik017
fig-004688,hor016
fig-004689,pln049
fig-004692,ver012
fig-004693,ovr016
fig-004694,twn046
fig-004695,pln018
fig-004696,old006
fig-004697,old025
fig-004698,pln198
fig-004699,hor020
fig-004700,hor021
fig-004701,twt005
fig-004702,twt009
fig-004703,twt002
fig-004704,twt011
fig-004705,twt006
fig-004706,twt008
fig-004707,twt007
fig-004709,twt003
fig-004710,twt004
fig-004711,pi149a
fig-004712,pi151
fig-004713,pi155
fig-004714,pi150
fig-004715,pi152
fig-004716,pi153
fig-004717,pi154
fig-004718,pi156
fig-004719,pi173
fig-004720,pi174
fig-004721,pi175a
fig-004722,pi176
fig-004723,pi014
fig-004724,pi016
fig-004725,pi015
fig-004726,pi077
fig-004727,twt016
fig-004728,twt015
fig-004729,twt014
fig-004730,twt012
fig-004731,twt013
fig-004732,twt001
fig-004733,twt019
fig-004734,twt021
fig-004735,twt020
fig-004736,sp055
fig-004737,sw0680
fig-004738,sw0683
fig-004739,trn226
fig-004740,trn225
fig-004741,trn228
fig-004742,trn227
fig-004743,trn242
fig-004744,cty0930
fig-004745,trn243
fig-004746,trn244
fig-004747,trn246
fig-004748,trn245
fig-004749,trn131
fig-004750,trn132
fig-004751,trn129a
fig-004752,trn130
fig-004753,twn033
fig-004754,twn035
fig-004755,trn128
fig-004756,pi001
fig-004757,pi062
fig-004758,pi074
fig-004759,pi061
fig-004760,pi004b
fig-004761,pi063
fig-004762,pi061
fig-004763,pi004
fig-004764,pi060
fig-004765,pi061a
fig-004767,sw0764
fig-004768,trn148
fig-004769,cty0182
fig-004770,twn109
fig-004771,trn231
fig-004772,trn230
fig-004773,trn232
fig-004774,trn138
fig-004775,trn141
fig-004776,trn140
fig-004777,trn139
fig-004778,trn142
fig-004779,trn001
fig-004780,trn076
fig-004781,twn020
fig-004782,twn026
fig-004783,trn115
fig-004784,trn117
fig-004785,trn116
fig-004786,trn079
fig-004787,trn077
fig-004788,trn078
fig-004789,trn054
fig-004790,trn057
fig-004791,trn013
fig-004792,trn021
fig-004793,oct014
fig-004794,cop011
fig-004795,trn005
fig-004796,trn046
fig-004797,trn030
fig-004798,trn059
fig-004799,frnd0692
fig-004800,trn031
fig-004801,trn011
fig-004802,trn008
fig-004803,trn036
fig-004804,trn037
fig-004805,trn035
fig-004806,trn047
fig-004807,trn048
fig-004808,trn018
fig-004809,trn055
fig-004810,trn049
fig-004811,trn067
fig-004812,trn102a
fig-004813,trn125
fig-004814,trn124
fig-004815,trn126
fig-004816,trn127
fig-004817,trn123
fig-004818,trn025
fig-004819,trn045
fig-004820,trn038
fig-004821,trn039
fig-004822,trn010
fig-004823,trn006
fig-004824,trn007
fig-004825,trn065
fig-004826,trn050
fig-004827,trn023
fig-004828,trn027
fig-004829,trn040
fig-004830,chef004
fig-004831,trn009
fig-004832,cty1755
fig-004833,trn064
fig-004834,trn028
fig-004835,exf008
fig-004836,exf003
fig-004837,exf002
fig-004838,exf001
fig-004839,exf004
fig-004840,exf010
fig-004841,exf009
fig-004842,exf015
fig-004843,exf018
fig-004844,exf012
fig-004845,exf011
fig-004846,exf024
fig-004847,exf023
fig-004848,exf022
fig-004849,exf025
fig-004851,gen019
fig-004852,exf020
fig-004854,exf021
fig-004855,sh0062
fig-004856,sh0063
fig-004857,sh0064
fig-004858,sh0464
fig-004859,sh0452
fig-004860,sh0450
fig-004861,sh0449
fig-004863,sh0447
fig-004864,sh0446
fig-004865,sh0443
fig-004866,sh0445
fig-004868,sh0444
fig-004870,sh0440
fig-004871,sh0442
fig-004872,sh0455
fig-004873,sh0454
fig-004874,sh0453
fig-004875,sh0462
fig-004876,92586pb05
fig-004877,sh0463
fig-004878,sh0461
fig-004879,sh0465
fig-004880,sh0424
fig-004881,sh0397
fig-004882,sh0418b
fig-004883,sh0418a
fig-004884,sh0068
fig-004885,sh0071
fig-004886,sh0072a
fig-004887,sh0070
fig-004889,sh0069
fig-004890,sh0066
fig-004891,sh0067
fig-004892,sh0065
fig-004893,sh0053
fig-004894,sh0052
fig-004895,sh0054
fig-004896,sh0051
fig-004897,sh0055
fig-004898,sh0056
fig-004899,sh0080
fig-004900,sh0076
fig-004901,sh0077
fig-004902,sh0081
fig-004903,sh0079
fig-004904,bnk001
fig-004905,ext016
fig-004906,trn022
fig-004907,trn016
fig-004908,trn062
fig-004909,trn063
fig-004910,trn052
fig-004911,sh0078
fig-004912,trn032
fig-004913,spd005a
fig-004914,spd004
fig-004915,spd001a
fig-004916,spd002
fig-004917,cop025
fig-004918,stu009
fig-004919,spd006
fig-004920,spd013
fig-004921,spd001
fig-004922,spd014
fig-004923,spd008
fig-004924,spd010
fig-004925,spd007
fig-004926,spd009
fig-004927,spd012
fig-004928,spd011
fig-004929,spd028
fig-004930,spd023
fig-004931,spd022
fig-004932,trn020
fig-004933,trn103
fig-004935,trn056
fig-004936,spd016
fig-004938,trn053
fig-004939,spd031
fig-004940,spd020
fig-004941,spd021
fig-004942,chef005
fig-004943,trn012
fig-004944,spd015
fig-004945,trn014
fig-004946,trn029
fig-004947,spd030
fig-004948,spd017
fig-004950,trn043
fig-004953,spd027
fig-004954,chef006
fig-004955,spd024
fig-004956,trn019
fig-004957,spd029
fig-004958,spd026
fig-004959,trn061
fig-004960,trn033
fig-004961,spd003
fig-004962,trn017
fig-004963,spd018
fig-004964,spd019
fig-004965,pln017
fig-004966,old021
fig-004967,old020
fig-004968,old019
fig-004969,cty1718
fig-004970,trn099
fig-004971,jred016
fig-004972,jred014
fig-004973,pln064
fig-004974,pln068
fig-004975,pln020
fig-004976,bat001
fig-004978,bat005
fig-004979,bat007
fig-004980,bat002
fig-004981,bat004
fig-004982,bat006
fig-004983,bat008
fig-004984,bat003
fig-004985,bat011i
fig-004986,bat024
fig-004987,bat017
fig-004988,bat021
fig-004989,bat022
fig-004990,bat016
fig-004991,bat015
fig-004992,bat019
fig-004993,bat020
fig-004994,bat018
fig-004995,bat010
fig-004997,bat009
fig-004998,bat012
fig-004999,bat013
fig-005000,bat014
fig-005002,bat026
fig-005003,bat025
fig-005004,sh0109
fig-005005,sh0110
fig-005006,sh0105
fig-005007,sh0091
fig-005008,sh0093
fig-005009,sh0092
fig-005011,sh0094
fig-005012,sh0088
fig-005013,sh0089
fig-005014,sh0085
fig-005015,sh0096
fig-005016,sh0097
fig-005017,sh0075
fig-005018,sh0074
fig-005019,sh0073
fig-005021,sh0133
fig-005022,sh0132
fig-005023,sh0118
fig-005024,sh0117
fig-005025,sh0116
fig-005026,sh0119
fig-005027,sh0125
fig-005028,sh0120
fig-005029,sh0124
fig-005030,sh0123
fig-005031,sh0126
fig-005032,sh0122
fig-005033,sh0121
fig-005034,sh0128
fig-005035,sh0127
fig-005036,sh0095
fig-005037,sh0099
fig-005038,sh0101
fig-005039,sh0100
fig-005040,sh0098
fig-005041,sh0106
fig-005042,sh0107
fig-005043,sh0108
fig-005044,sh0104
fig-005045,sh0103
fig-005046,sh0102
fig-005047,sh0145
fig-005048,sh0144
fig-005049,sh0146
fig-005050,sh0152
fig-005051,sh0154
fig-005052,sh0003a
fig-005053,sh0164
fig-005054,sh0166
fig-005055,sh0165
fig-005056,sh0172
fig-005057,sh0171
fig-005058,sh0170
fig-005059,sh0194
fig-005060,sh0195
fig-005061,sh0178
fig-005062,sh0186
fig-005063,sh0176
fig-005064,sh0167
fig-005065,sh0175
fig-005066,sh0174
fig-005067,sh0169
fig-005068,sh0168
fig-005069,sh0191
fig-005070,sh0192
fig-005071,sh0193
fig-005072,sh0205
fig-005073,sh0190
fig-005074,sh0187
fig-005075,sh0188
fig-005076,sh0198
fig-005077,sh0199
fig-005078,pi163
fig-005079,sh0197
fig-005080,sh0200
fig-005081,sh0206
fig-005082,sh0204
fig-005083,pi179
fig-005084,pi160
fig-005085,pi169
fig-005086,pi170
fig-005087,pi161
fig-005088,pi166
fig-005089,pi167
fig-005090,pi168a
fig-005091,pi171
fig-005092,sh0202
fig-005094,sh0201
fig-005095,pi020
fig-005096,pi018
fig-005097,sh0189
fig-005098,pi021
fig-005099,pi021
fig-005100,pln073
fig-005101,pln058
fig-005102,pln072
fig-005103,sw0963
fig-005104,sw0968
fig-005105,pln074
fig-005106,trn097
fig-005107,but024
fig-005108,but023
fig-005109,ncklc009
fig-005110,chef004
fig-005111,pi072
fig-005112,ovr008
fig-005113,pi072
fig-005114,pln085
fig-005115,shell010
fig-005116,pi076
fig-005117,pln003
fig-005118,pi019
fig-005119,fmf002
fig-005120,pln060
fig-005121,pln061
fig-005122,pln059
fig-005123,pln057
fig-005124,pi073
fig-005125,pi025
fig-005126,pi027
fig-005127,trn003
fig-005128,trn250
fig-005129,trn249
fig-005130,trn248
fig-005131,twn108
fig-005132,trn223
fig-005133,cty0180
fig-005134,cty0179a
fig-005135,old029
fig-005136,pi031
fig-005137,pi026
fig-005138,tim003
fig-005139,pi032
fig-005140,pi029
fig-005141,tim007
fig-005142,pi030
fig-005143,tim002
fig-005144,gen005
fig-005145,gen012
fig-005146,pi159
fig-005147,ovr026
fig-005148,pi038
fig-005149,pi040
fig-005150,pi043
fig-005151,pi041
fig-005152,pi041
fig-005153,pi044
fig-005154,pi046
fig-005155,pi039
fig-005156,pi042
fig-005157,pi045
fig-005158,pi045
fig-005159,pi158
fig-005160,pi162
fig-005161,pi013
fig-005162,tlr019
fig-005163,tlr021
fig-005164,tlr020
fig-005165,tlr004
fig-005166,tlr005
fig-005167,tlr006
fig-005168,tlr003
fig-005169,tlr008
fig-005170,tlr016
fig-005171,tlr013
fig-005172,tlr015
fig-005173,tlr014
fig-005174,tlr007
fig-005175,tlr009
fig-005176,tlr010
fig-005177,tlr012
fig-005178,tlr018
fig-005179,tlr017
fig-005180,tlr011
fig-005181,lor017
fig-005182,lor028
fig-005183,lor016
fig-005184,lor018
fig-005185,lor066
fig-005186,lor063
fig-005187,lor024
fig-005188,lor065
fig-005189,lor064
fig-005190,lor001
fig-005191,lor068
fig-005192,lor013
fig-005193,lor071
fig-005194,lor015
fig-005195,lor067
fig-005196,lor069
fig-005197,lor070
fig-005198,lor003
fig-005199,lor004
fig-005200,lor005
fig-005201,lor020
fig-005202,lor021
fig-005203,lor019
fig-005204,lor008
fig-005205,lor007
fig-005206,pi012
fig-005207,pi084
fig-005208,pi129
fig-005209,pi130
fig-005210,pi128
fig-005211,pi100
fig-005212,pi112
fig-005213,pi107
fig-005214,cty1759
fig-005215,pi093
fig-005216,pi022
fig-005217,pi023
fig-005218,pi078
fig-005219,pi024
fig-005220,sh0216
fig-005221,sh0213
fig-005222,frnd0694
fig-005223,sh0215
fig-005224,sh0257
fig-005225,sh0263
fig-005226,sh0264
fig-005227,sh0222
fig-005228,sh0225
fig-005229,pi081
fig-005230,sh0220
fig-005231,sh0221
fig-005232,sh0218
fig-005233,sh0223
fig-005234,sh0224
fig-005235,sh0219
fig-005236,pi116
fig-005237,sh0217
fig-005238,sh0185
fig-005239,sh0183
fig-005240,pi142
fig-005241,sh0184
fig-005242,pi002
fig-005243,sh0180
fig-005244,sh0179
fig-005245,pi138b
fig-005246,lor062
fig-005247,lor059
fig-005248,lor060
fig-005249,lor014
fig-005250,sh0157
fig-005251,lor011
fig-005252,sh0158
fig-005253,lor012
fig-005254,sh0159
fig-005255,lor027
fig-005256,sh0156
fig-005257,pi148
fig-005258,lor023
fig-005259,lor025
fig-005260,lor022
fig-005261,sh0288
fig-005262,pi055
fig-005263,sh0290
fig-005264,sh0289
fig-005265,lor073
fig-005266,sh0291
fig-005267,pi055
fig-005268,lor072
fig-005269,lor074
fig-005270,sh0282
fig-005271,sh0283
fig-005272,sh0281
fig-005273,lor061
fig-005274,lor058
fig-005275,sh0280
fig-005276,lor006
fig-005277,lor009
fig-005278,lor010
fig-005279,sh0277
fig-005280,sh0275
fig-005281,sh0279
fig-005282,sh0278
fig-005283,gen020
fig-005284,sh0276
fig-005285,gen011
fig-005286,sh0259
fig-005287,sh0260
fig-005288,gen010
fig-005289,sh0240
fig-005290,sh0237
fig-005291,sh0233
fig-005292,sh0235
fig-005293,pi091
fig-005294,sh0241
fig-005295,sh0239
fig-005296,sh0238
fig-005297,pi117
fig-005298,sh0234
fig-005299,sh0236
fig-005300,pi111
fig-005301,pi085
fig-005302,sh0258
fig-005303,sh0256
fig-005304,pi089
fig-005305,sh0255
fig-005306,sh0254
fig-005307,sh0262
fig-005308,sh0261
fig-005309,sh0229
fig-005310,sh0230
fig-005311,pi119
fig-005312,sh0228
fig-005313,sh0226
fig-005314,sh0227
fig-005315,sh0593
fig-005316,pi123
fig-005317,pi124
fig-005318,pi122
fig-005319,pi125
fig-005320,pi114
fig-005321,pi181
fig-005322,pi182
fig-005323,pi098
fig-005324,sh0271
fig-005325,sh0270
fig-005326,sh0274
fig-005327,sh0269
fig-005328,sh0273
fig-005329,sh0272
fig-005330,sh0298
fig-005331,sh0296
fig-005332,sh0297
fig-005333,sh0286
fig-005334,sh0284
fig-005335,sh0287
fig-005336,sh0285
fig-005337,sh0267
fig-005338,sh0268
fig-005339,sh0383
fig-005340,sh0384
fig-005341,sh0382
fig-005342,sh0371
fig-005343,sh0370
fig-005344,sh0372
fig-005345,sh0373
fig-005346,sh0367
fig-005347,sh0369
fig-005348,sh0368
fig-005349,sh0366
fig-005350,sh0374
fig-005351,sh0375
fig-005352,sh0393
fig-005353,sh0394
fig-005354,sh0378
fig-005355,sh0380
fig-005356,sh0379
fig-005357,sh0364
fig-005358,sh0365
fig-005359,sh0362
fig-005360,sh0363
fig-005361,sh0361
fig-005362,sh0360
fig-005363,sh0358
fig-005364,sh0359
fig-005365,sh0357
fig-005366,sh0356
fig-005367,sh0349
fig-005368,sh0348
fig-005369,sh0252
fig-005370,sh0253
fig-005371,sh0248
fig-005372,sh0249
fig-005373,sh0246
fig-005374,sh0247
fig-005375,sh0245
fig-005376,sh0244
fig-005377,sh0242
fig-005378,sh0243
fig-005379,sh0429
fig-005380,sh0430
fig-005381,sh0432
fig-005382,sh0431
fig-005383,sh0405
fig-005384,sh0404
fig-005385,sh0403
fig-005386,sh0422
fig-005387,sh0421
fig-005388,sh0387
fig-005389,sh0386
fig-005390,sh0388
fig-005391,sh0385
fig-005392,sh0479
fig-005393,sh0480
fig-005394,sh0412
fig-005395,sh0413
fig-005396,sh0410
fig-005397,sh0411
fig-005398,sh0426
fig-005399,sh0433
fig-005400,sh0436
fig-005401,sh0435
fig-005402,sh0438
fig-005403,sh0439
fig-005404,sh0437
fig-005405,sh0471
fig-005406,sh0472
fig-005407,sh0470
fig-005408,sh0459
fig-005409,sh0457
fig-005410,sh0460
fig-005411,sh0458
fig-005412,sh0456
fig-005413,sh0525
fig-005414,sh0524
fig-005415,sh0526
fig-005416,sh0483
fig-005417,sh0484
fig-005418,sh0482
fig-005419,sh0481
fig-005420,sh0492
fig-005421,sh0493
fig-005422,sh0486
fig-005423,sh0485
fig-005424,sh0475
fig-005425,sh0474
fig-005426,sh0504
fig-005427,sh0506
fig-005428,sh0497
fig-005429,sh0499
fig-005430,sh0498
fig-005431,sh0500
fig-005432,sh0503
fig-005433,sh0505
fig-005434,sh0466
fig-005435,sh0512
fig-005436,sh0511
fig-005437,sh0502
fig-005438,sh0501
fig-005439,sh0494
fig-005440,sh0495
fig-005441,sh0468
fig-005442,sh0469
fig-005443,sh0467
fig-005444,sh0478
fig-005445,sh0477
fig-005446,sh0476
fig-005447,30533c02
fig-005448,sh0529
fig-005449,sh0530
fig-005450,sh0528
fig-005451,sh0516
fig-005452,sh0518
fig-005453,pi092
fig-005454,sh0496
fig-005455,sh0508
fig-005456,sh0509
fig-005457,sh0507
fig-005458,sh0510
fig-005459,pi136
fig-005460,sh0567
fig-005461,pi135b
fig-005462,sh0565
fig-005463,sh0566
fig-005464,pi087
fig-005465,pi090
fig-005466,sh0562
fig-005467,sh0563
fig-005468,sh0564
fig-005469,pi118
fig-005470,sh0561
fig-005471,sh0560
fig-005472,sh0596
fig-005473,sh0595
fig-005474,sh0588
fig-005475,sh0594
fig-005476,pi104
fig-005477,sh0589
fig-005478,sh0592
fig-005479,sh0591
fig-005480,sh0590
fig-005481,sh0587
fig-005482,sh0549
fig-005483,sh0550
fig-005484,sh0551
fig-005485,sh0552
fig-005486,sh0557
fig-005487,sh0559
fig-005488,sh0556
fig-005489,sh0544
fig-005490,sh0536
fig-005491,sh0543
fig-005492,sh0542
fig-005493,sh0538
fig-005494,sh0537
fig-005495,sh0539
fig-005497,sh0540
fig-005498,sh0541
fig-005499,pi066
fig-005500,pi066a
fig-005501,pi069
fig-005502,pi070
fig-005503,pi006
fig-005505,idea065
fig-005506,idea067
fig-005507,idea071
fig-005508,idea069
fig-005509,idea066
fig-005510,idea070
fig-005511,gen141
fig-005512,idea068
fig-005513,idea072
fig-005514,pi008
fig-005515,pi164
fig-005516,pi086
fig-005517,pi086
fig-005518,pi177
fig-005519,pi157
fig-005520,pi121
fig-005521,pi036
fig-005522,pi034
fig-005523,pi035
fig-005524,pi037
fig-005525,pi054
fig-005526,pi053
fig-005527,pi172
fig-005528,pi057
fig-005529,pi101
fig-005530,pi143
fig-005531,pi126
fig-005532,pi056
fig-005533,pi056
fig-005534,pi058
fig-005535,pi165
fig-005536,pi050
fig-005537,pi047
fig-005538,pi048
fig-005539,pi051
fig-005540,pi052
fig-005541,pi049
fig-005542,pi147
fig-005543,pi106
fig-005544,pi131
fig-005545,pi132
fig-005546,pi133
fig-005547,pi134
fig-005548,pi083
fig-005549,pi105
fig-005550,pi113
fig-005551,pi139
fig-005552,pi140b
fig-005553,pi184
fig-005554,pi183
fig-005555,pi082
fig-005556,pi127
fig-005557,pi115
fig-005558,pi099
fig-005559,pi108
fig-005560,pi103
fig-005561,pi145
fig-005562,pi144
fig-005563,pi137b
fig-005564,pi120
fig-005565,pi180
fig-005566,sh0546
fig-005567,sh0548
fig-005568,sh0547
fig-005569,sh0545
fig-005570,sh0574
fig-005571,sh0577
fig-005572,sh0576
fig-005573,sh0555
fig-005574,sh0573
fig-005575,sh0585a
fig-005576,sh0606
fig-005577,sh0580
fig-005578,sh0583
fig-005579,sh0581
fig-005580,sh0582
fig-005581,sh0578
fig-005582,sh0579
fig-005583,sh0553
fig-005584,sh0568
fig-005585,sh0569
fig-005586,sh0572
fig-005587,sh0570
fig-005588,sh0571
fig-005589,sh0622
fig-005590,sh0628
fig-005591,sh0623
fig-005592,sh0613
fig-005593,sh0612
fig-005594,sh0607
fig-005595,sh0608
fig-005596,sh0609
fig-005597,sh0614b
fig-005598,sh0620
fig-005599,sh0615
fig-005600,sh0616
fig-005601,sh0618
fig-005602,sh0617
fig-005603,sh0611
fig-005604,sh0610
fig-005605,sh0626
fig-005606,sh0624
fig-005607,sh0627
fig-005608,sh0625
fig-005609,sh0632
fig-005610,sh0633
fig-005611,sh0597a
fig-005612,sh0399
fig-005613,sh0401
fig-005614,sh0400
fig-005615,sh0532
fig-005616,sh0209
fig-005617,sh0138
fig-005618,sh0137
fig-005619,sh0115
fig-005620,sh0043
fig-005621,sh0042
fig-005622,sh0002
fig-005623,sh0232
fig-005624,loc053
fig-005625,loc127
fig-005626,loc010
fig-005627,loc008
fig-005628,loc007
fig-005630,loc005
fig-005631,loc016
fig-005632,loc018
fig-005633,loc027
fig-005634,loc043
fig-005635,loc041
fig-005636,loc045
fig-005637,loc044
fig-005638,loc042
fig-005639,loc039
fig-005640,loc038
fig-005641,loc037
fig-005642,loc036
fig-005643,loc028
fig-005644,loc035
fig-005645,loc021
fig-005646,loc034
fig-005647,loc025
fig-005648,loc022
fig-005649,loc023
fig-005650,loc024
fig-005651,loc019
fig-005652,loc011
fig-005653,loc012
fig-005654,loc026
fig-005655,loc030
fig-005656,loc033
fig-005657,loc032
fig-005658,loc056
fig-005659,loc063
fig-005660,loc066
fig-005661,loc059
fig-005662,loc060
fig-005663,loc061
fig-005664,loc055
fig-005665,loc064
fig-005666,loc058
fig-005667,loc054
fig-005669,loc050
fig-005670,loc130
fig-005671,loc067
fig-005672,loc065
fig-005673,loc099
fig-005674,loc098
fig-005675,loc097
fig-005676,loc080
fig-005677,loc081
fig-005678,loc069
fig-005679,loc070
fig-005680,loc086
fig-005681,loc089
fig-005682,loc107
fig-005683,loc073
fig-005684,loc079
fig-005685,loc076
fig-005686,loc075
fig-005687,loc077
fig-005688,loc074
fig-005689,loc085
fig-005690,loc084
fig-005691,loc090
fig-005692,loc088
fig-005693,loc092
fig-005694,loc083
fig-005695,loc093
fig-005696,loc151
fig-005697,loc158
fig-005698,loc159
fig-005699,loc157
fig-005700,loc080
fig-005701,loc096
fig-005702,loc149
fig-005703,loc154
fig-005704,loc140
fig-005705,loc141
fig-005706,loc138
fig-005707,loc143
fig-005708,loc139
fig-005709,loc135
fig-005710,loc137
fig-005711,loc136
fig-005712,loc133
fig-005713,loc131
fig-005714,loc132
fig-005715,loc128
fig-005716,loc107
fig-005717,loc129
fig-005718,loc102
fig-005719,loc101
fig-005720,loc103
fig-005721,loc124
fig-005722,loc125
fig-005723,loc126
fig-005724,loc123
fig-005725,loc121
fig-005726,loc122
fig-005727,loc118
fig-005728,loc119
fig-005729,loc120
fig-005730,loc115
fig-005731,loc117
fig-005732,loc116
fig-005733,loc144
fig-005734,loc145
fig-005735,loc150
fig-005736,loc153
fig-005737,loc156
fig-005738,loc155
fig-005739,loc152
fig-005740,loc146
fig-005741,loc112
fig-005742,loc109
fig-005743,loc106
fig-005745,loc160
fig-005746,sh0112a
fig-005747,tnt053
fig-005748,dis043
fig-005749,dis045
fig-005750,dis046
fig-005751,dis044
fig-005752,dis042
fig-005753,dis019
fig-005754,dis020
fig-005755,dis021
fig-005756,dis022
fig-005757,dis023
fig-005758,sw0424
fig-005759,sw0598
fig-005760,gen016
fig-005761,aqu018
fig-005762,aqu017
fig-005763,aqu016a
fig-005764,aqu015a
fig-005765,frnd0693
fig-005766,aqu024
fig-005767,aqu019
fig-005768,frnd0691
fig-005769,aqu012
fig-005770,aqu031
fig-005771,aqu011
fig-005772,frnd0674
fig-005773,aqu007
fig-005774,aqu006
fig-005775,cas269
fig-005776,cas268
fig-005777,cas266
fig-005778,cas267
fig-005779,cas270
fig-005780,sp005new
fig-005781,pi079
fig-005782,sp003new2
fig-005783,poc032
fig-005784,poc017
fig-005785,poc031
fig-005786,poc033
fig-005787,poc026
fig-005788,poc015
fig-005789,poc005
fig-005790,poc009
fig-005791,poc008
fig-005792,poc010
fig-005793,poc004
fig-005794,poc003
fig-005795,poc002
fig-005796,poc012
fig-005797,poc014
fig-005798,poc018
fig-005799,poc023
fig-005800,poc027
fig-005801,poc040
fig-005802,poc042
fig-005803,poc041
fig-005804,poc038
fig-005805,poc036
fig-005806,poc037
fig-005807,poc039
fig-005808,poc035
fig-005809,poc006
fig-005810,gen038
fig-005811,poc022
fig-005812,poc013
fig-005813,poc007
fig-005814,poc021
fig-005815,poc025
fig-005816,poc020
fig-005817,poc016
fig-005818,poc019
fig-005819,poc028
fig-005820,idea002
fig-005821,idea022
fig-005822,idea020
fig-005823,idea021
fig-005824,idea023
fig-005825,idea024
fig-005826,idea049
fig-005827,idea050
fig-005828,iaj023
fig-005829,iaj002
fig-005830,iaj045
fig-005831,iaj039
fig-005832,iaj041
fig-005833,iaj042
fig-005834,iaj043
fig-005835,iaj012
fig-005836,gen021a
fig-005837,iaj044
fig-005838,iaj036
fig-005839,iaj020
fig-005840,iaj037
fig-005841,iaj038
fig-005842,iaj005
fig-005843,iaj006
fig-005844,iaj004
fig-005845,iaj007
fig-005846,gen018
fig-005847,iaj003
fig-005848,iaj025
fig-005849,iaj033
fig-005850,iaj032
fig-005851,iaj031
fig-005852,iaj034
fig-005853,iaj035
fig-005854,iaj018
fig-005855,iaj017
fig-005856,iaj013
fig-005857,iaj019
fig-005858,iaj021
fig-005859,iaj014
fig-005860,iaj008
fig-005861,iaj009
fig-005862,iaj010
fig-005863,iaj029
fig-005864,iaj024
fig-005865,iaj026
fig-005866,iaj027
fig-005867,iaj028
fig-005868,iaj022
fig-005869,iaj015
fig-005870,iaj016
fig-005871,iaj011
fig-005872,gen021
fig-005874,cty0508
fig-005875,cty0507
fig-005876,cas538
fig-005877,gen066
fig-005878,rac054
fig-005879,rac055
fig-005880,sh0196
fig-005881,sh0203
fig-005882,twn233
fig-005883,twn235
fig-005884,twn234
fig-005885,gen067
fig-005886,pi146
fig-005887,pi088
fig-005888,lor049
fig-005889,lor029
fig-005890,lor052
fig-005891,lor051
fig-005892,lor050
fig-005893,lor041
fig-005894,lor039
fig-005895,lor048
fig-005896,lor040
fig-005897,lor038
fig-005898,lor100
fig-005899,lor099
fig-005900,lor102
fig-005901,lor101
fig-005902,lor098
fig-005903,lor055
fig-005904,lor054
fig-005905,lor053
fig-005906,lor056
fig-005907,lor075
fig-005908,lor077
fig-005909,lor076
fig-005910,lor089
fig-005911,lor088
fig-005912,lor081
fig-005913,lor082
fig-005914,lor090
fig-005915,lor036
fig-005916,lor037
fig-005917,lor034
fig-005918,lor084
fig-005919,lor086
fig-005920,lor085
fig-005921,lor083
fig-005922,lor080
fig-005923,lor078
fig-005924,lor079
fig-005925,lor107
fig-005926,lor110
fig-005927,lor109
fig-005928,lor106
fig-005929,lor042
fig-005930,lor047
fig-005931,lor044
fig-005932,lor043
fig-005933,lor032
fig-005934,lor046
fig-005935,lor045
fig-005936,lor094
fig-005937,lor093
fig-005938,lor095
fig-005939,lor097
fig-005940,lor096
fig-005941,lor105
fig-005942,lor103
fig-005943,lor104
fig-005944,stu008
fig-005945,hrf007
fig-005946,stu005
fig-005947,stu006
fig-005948,soc045
fig-005949,cop005
fig-005950,pln099
fig-005951,gen026
fig-005953,frnd0206
fig-005955,frnd0205
fig-005957,dp036
fig-005958,njo0217
fig-005959,njo0213
fig-005960,njo0214
fig-005961,njo0206
fig-005962,njo0205
fig-005963,sh0355
fig-005964,njo0399
fig-005965,njo0410
fig-005966,jw040
fig-005967,jw041
fig-005968,jw039
fig-005969,jw037
fig-005970,jw038
fig-005971,jw017
fig-005972,jw018
fig-005973,jw042
fig-005974,jw005
fig-005975,jw006
fig-005976,jw014
fig-005977,jw016
fig-005978,jw013
fig-005979,stu012
fig-005981,jw009
fig-005982,hrf001
fig-005983,hrf002
fig-005984,jw008
fig-005985,hrf003
fig-005986,jw007
fig-005987,hrf004
fig-005988,jw012
fig-005989,jw010
fig-005990,jw002
fig-005991,jw001
fig-005992,jw003
fig-005993,jw004
fig-005994,jw059
fig-005995,jw019
fig-005996,jw056
fig-005997,jw060
fig-005998,jw058
fig-005999,jw057
fig-006000,jw047
fig-006001,jw054
fig-006002,jw045
fig-006003,jw046
fig-006004,jw032
fig-006005,jw031
fig-006006,jw033
fig-006007,jw028
fig-006008,jw029
fig-006009,jw030
fig-006010,jw035
fig-006011,jw034
fig-006012,jw036
fig-006013,jw027
fig-006014,jw024
fig-006015,jw025
fig-006016,jw026
fig-006017,jw044
fig-006018,jw043
fig-006019,jw055
fig-006020,jw052
fig-006021,jw048
fig-006022,jw053
fig-006023,jw049
fig-006024,jw050
fig-006025,jw051
fig-006026,incr003
fig-006027,incr002
fig-006028,incr004
fig-006029,incr009
fig-006030,incr006
fig-006031,incr005
fig-006032,incr008
fig-006033,incr001
fig-006034,incr007
fig-006036,colsh03
fig-006037,colsh16
fig-006038,colsh14
fig-006039,colsh06
fig-006040,colsh09
fig-006041,colsh08
fig-006042,colsh15
fig-006043,colsh11
fig-006044,colsh13
fig-006045,colsh01
fig-006046,colsh05
fig-006047,colsh07
fig-006048,colsh02
fig-006049,hp012
fig-006050,hp010
fig-006051,hp007
fig-006052,hp005
fig-006053,hp016
fig-006054,hp011
fig-006055,hp009
fig-006056,hp008
fig-006057,hp040
fig-006058,hp015
fig-006059,hp002
fig-006060,hp004
fig-006061,hp003
fig-006062,hp006
fig-006063,hp025
fig-006064,hp023
fig-006065,hp033
fig-006066,hp032
fig-006067,hp021
fig-006068,hp019
fig-006069,hp020
fig-006070,hp038
fig-006071,hp039
fig-006072,hp079
fig-006073,hp078
fig-006074,41983
fig-006075,hp111
fig-006076,hp095
fig-006077,hp112
fig-006078,hp106
fig-006079,hp107
fig-006080,hp108
fig-006081,hp110
fig-006082,hp109
fig-006083,hp105
fig-006084,hp104
fig-006085,hp026
fig-006086,hp027
fig-006087,hp028
fig-006088,hp017
fig-006089,hp018
fig-006090,hp029
fig-006091,hp030
fig-006092,hp031
fig-006093,hp022
fig-006094,hp047
fig-006095,hp059
fig-006096,hp044
fig-006097,hp043
fig-006098,hp042
fig-006099,hp051
fig-006100,hp052
fig-006101,hp050
fig-006102,hp024
fig-006103,hp068
fig-006104,hp066
fig-006105,hp065
fig-006106,hp067
fig-006107,hp064
fig-006108,hp057
fig-006109,hp058
fig-006110,hp049
fig-006111,hp053
fig-006112,hp060
fig-006113,hp056
fig-006114,hp055
fig-006115,hp054
fig-006116,hp062
fig-006117,hp048
fig-006118,hp041
fig-006119,hp099
fig-006120,hp097
fig-006121,hp102
fig-006122,hp101
fig-006123,hp096
fig-006124,hp098
fig-006125,hp093
fig-006126,hp100
fig-006127,hp126
fig-006128,hp127
fig-006129,hp128
fig-006130,hp087
fig-006131,hp103
fig-006132,hp113
fig-006133,hp115
fig-006134,hp114
fig-006135,hp089
fig-006136,hp088
fig-006137,hp092
fig-006138,hp091
fig-006139,hp090
fig-006140,hp074
fig-006141,hp072
fig-006142,hp077
fig-006143,hp076
fig-006144,hp075
fig-006145,hp070
fig-006146,gen014
fig-006147,gen013
fig-006148,hp071
fig-006149,hp069
fig-006150,hp073
fig-006151,hp082
fig-006152,hp080
fig-006153,hp081
fig-006154,hp085
fig-006155,hp086
fig-006156,hp083
fig-006157,hp130
fig-006159,hp132
fig-006160,hp129
fig-006161,hp131
fig-006162,hp123
fig-006163,hp122
fig-006164,hp119
fig-006165,hp117
fig-006166,hp118
fig-006167,hp121
fig-006168,hp177
fig-006169,hp179a
fig-006170,hp178
fig-006171,hp176
fig-006172,hp175
fig-006173,hp155
fig-006174,hp174
fig-006175,hp159
fig-006176,hp161
fig-006177,hp162
fig-006178,hp160
fig-006179,hp169
fig-006180,hp153
fig-006181,hp157
fig-006182,hp158
fig-006183,hp154
fig-006184,hp156
fig-006185,hp147
fig-006186,hp148
fig-006187,hp145
fig-006188,hp149a
fig-006189,hp144
fig-006190,hp151
fig-006191,hp146
fig-006192,hp152
fig-006193,hp141
fig-006194,hp142
fig-006195,hp143
fig-006196,hp140
fig-006197,hp166
fig-006198,hp165
fig-006199,hp164
fig-006200,hp163
fig-006201,hp167
fig-006202,hp168
fig-006204,hp190
fig-006205,hp191
fig-006206,hp187
fig-006207,hp188
fig-006208,hp184
fig-006209,hp185
fig-006210,hp189
fig-006211,hp186
fig-006212,hp183
fig-006213,hp182a
fig-006214,hp180
fig-006215,hp198
fig-006216,hp199
fig-006217,hp196
fig-006218,hp195
fig-006219,hp201
fig-006220,hp200
fig-006221,hp202
fig-006222,hp203
fig-006223,hp192
fig-006224,hp193
fig-006225,hp138
fig-006226,hp136
fig-006227,hp135
fig-006228,hp137
fig-006229,hp205
fig-006230,hp208
fig-006231,hp207
fig-006232,hp152a
fig-006233,hp206
fig-006234,hp204
fig-006235,sw0874
fig-006236,sw0877
fig-006239,sw0875
fig-006240,sw0876
fig-006241,lor111
fig-006242,tlm071
fig-006243,sh0083
fig-006244,gen027
fig-006245,njo0417
fig-006246,njo0418
fig-006247,njo0420
fig-006248,njo0419
fig-006249,coltlbm24
fig-006250,coltlbm21
fig-006251,coltlbm22
fig-006252,coltlbm23
fig-006253,cty0512
fig-006254,njo0108
fig-006255,loc114
fig-006256,njo0486
fig-006257,njo0484
fig-006258,njo0483
fig-006259,njo0485
fig-006260,col331
fig-006261,col333
fig-006262,col332
fig-006263,hp171
fig-006264,hp170
fig-006265,hp172
fig-006266,hp173
fig-006267,iaj030
fig-006268,sw0637a
fig-006269,cty0181
fig-006270,gb015
fig-006271,gb018
fig-006272,gb016
fig-006273,gb017
fig-006274,gb019
fig-006275,gb020
fig-006276,gb006
fig-006277,gb009
fig-006278,gb008
fig-006279,gb010
fig-006280,gb007
fig-006281,gb014b
fig-006282,gb013a
fig-006283,gb005a
fig-006284,gb012a
fig-006285,gb004i
fig-006286,gb001i
fig-006287,gb002i
fig-006288,gb003i
fig-006289,hf005
fig-006290,hf004
fig-006291,hf001
fig-006292,hf003
fig-006293,hf002
fig-006294,hf018
fig-006295,hf017
fig-006296,hf021
fig-006297,hf020
fig-006298,hf019
fig-006299,hf015
fig-006300,hf014
fig-006301,hf010
fig-006302,pop016
fig-006303,pop013
fig-006304,pop014
fig-006305,pop004
fig-006306,pop015
fig-006307,pop010
fig-006308,pop011
fig-006309,pop003
fig-006310,pop012
fig-006311,pop002
fig-006312,pop001
fig-006313,pop007
fig-006314,pop009
fig-006315,pop008
fig-006316,pop005
fig-006317,pop006
fig-006318,hs040
fig-006319,hs009
fig-006320,hs011
fig-006321,hs024
fig-006322,hs042
fig-006323,hs057
fig-006324,hs017
fig-006325,hs005
fig-006326,hs018
fig-006327,hs016
fig-006328,hs023
fig-006329,hs003
fig-006330,hs015
fig-006331,gen099
fig-006332,hs022
fig-006333,hs020
fig-006334,hs021
fig-006335,hs013
fig-006336,hs012
fig-006337,hs014
fig-006338,hs028
fig-006339,hs029
fig-006340,hs027
fig-006341,hs004
fig-006342,hs010
fig-006343,hs025
fig-006344,hs026
fig-006345,hs006
fig-006346,hs007
fig-006347,hs008
fig-006348,hs039
fig-006349,hs038
fig-006350,hs035
fig-006351,hs037
fig-006352,hs036
fig-006353,hs054
fig-006354,hs052
fig-006355,hs055
fig-006356,hs053
fig-006357,hs051
fig-006358,hs050
fig-006359,hs049
fig-006360,hs044
fig-006361,hs045
fig-006362,hs043
fig-006363,hs046
fig-006364,hs047
fig-006365,hs048
fig-006366,hs031
fig-006367,hs034
fig-006368,hs033
fig-006369,hs032
fig-006370,hs034
fig-006371,hs033
fig-006372,hs032
fig-006373,hs030
fig-006374,hs056
fig-006375,pln112
fig-006376,pln103
fig-006377,pln107
fig-006378,soc033
fig-006379,pln108
fig-006380,old009
fig-006381,old004
fig-006382,old001
fig-006383,old005
fig-006384,old022
fig-006385,old023
fig-006386,old032
fig-006387,old034
fig-006388,old033
fig-006389,old031
fig-006390,old030
fig-006391,stu013a
fig-006392,stu010
fig-006393,rsq015
fig-006394,stu003
fig-006395,hrf010
fig-006396,hrf012
fig-006397,hrf005
fig-006398,hrf011
fig-006399,hrf006
fig-006400,st007
fig-006401,st008
fig-006402,st005
fig-006403,st001
fig-006404,st002
fig-006405,st006
fig-006406,st004
fig-006407,st003
fig-006408,soc055
fig-006409,soc088
fig-006410,soc090
fig-006411,soc082
fig-006412,soc094
fig-006413,soc098
fig-006414,soc008
fig-006415,soc015
fig-006416,soc021
fig-006417,soc027
fig-006418,soc033
fig-006419,soc039
fig-006420,soc012
fig-006421,soc019
fig-006422,soc025
fig-006423,soc031
fig-006424,soc041
fig-006425,soc013
fig-006426,soc020
fig-006427,soc032
fig-006428,soc026
fig-006429,soc042
fig-006430,ixs004
fig-006431,ixs006a
fig-006432,ixs007
fig-006433,ixs005
fig-006434,ixs004a
fig-006435,hol172
fig-006436,hol173
fig-006437,hol171
fig-006438,gen091
fig-006439,gen090
fig-006440,hol169
fig-006441,hol168
fig-006442,coltlbm40
fig-006443,idea046
fig-006444,idea048
fig-006445,idea044
fig-006446,idea047
fig-006447,idea058
fig-006448,idea062
fig-006449,idea056
fig-006450,idea060
fig-006451,idea057
fig-006452,idea061
fig-006453,idea059
fig-006454,old038
fig-006455,old049
fig-006456,old048
fig-006457,old015
fig-006458,old024
fig-006459,old026
fig-006460,old027
fig-006461,old040
fig-006462,old037
fig-006463,old042
fig-006464,old041
fig-006465,old051
fig-006466,old043
fig-006467,old044
fig-006468,old050
fig-006474,coltlnm15
fig-006475,coltlnm05
fig-006476,coltlnm16
fig-006477,min010
fig-006478,min012
fig-006479,min023
fig-006480,min011
fig-006481,min014
fig-006482,min013
fig-006483,min015
fig-006484,min030
fig-006485,min028
fig-006486,min029
fig-006487,min027
fig-006488,min032
fig-006489,min033
fig-006490,min031
fig-006491,min025
fig-006492,min016
fig-006493,min026
fig-006494,min024
fig-006495,min020
fig-006496,min019
fig-006497,min021
fig-006498,min022
fig-006499,min018
fig-006500,min055
fig-006501,min056
fig-006502,min047
fig-006503,min048
fig-006504,min049
fig-006505,min046
fig-006506,min045
fig-006507,min044
fig-006508,min043
fig-006509,min042
fig-006510,min057
fig-006511,min059
fig-006512,min052
fig-006513,min054
fig-006514,min051
fig-006515,min050
fig-006516,min053
fig-006517,min064
fig-006518,min063
fig-006519,min058
fig-006520,min060
fig-006521,min061
fig-006522,min062
fig-006523,min073
fig-006524,min072
fig-006525,min070
fig-006526,min071
fig-006527,min068
fig-006528,min069
fig-006529,min067
fig-006530,min066
fig-006531,min065
fig-006532,min034
fig-006533,min037
fig-006534,min036
fig-006535,min035
fig-006536,min039
fig-006537,min040
fig-006538,min038
fig-006539,min041
fig-006540,min074
fig-006541,min077
fig-006542,min076
fig-006543,min075
fig-006544,min079
fig-006545,min078
fig-006546,min080
fig-006547,min081
fig-006548,mba006
fig-006549,mba005
fig-006550,mba004
fig-006551,cas215
fig-006552,cas384
fig-006553,cas289
fig-006554,cas121
fig-006555,cas115
fig-006556,cas307
fig-006557,cas170
fig-006558,cas171
fig-006559,cas195
fig-006560,cas198
fig-006561,cas189
fig-006562,cas189a
fig-006563,cas190
fig-006564,cas414
fig-006565,cas191
fig-006566,cas199
fig-006567,cas280a
fig-006568,cas200
fig-006569,cas194
fig-006570,cas197
fig-006571,cas192
fig-006572,cas193
fig-006573,cas169
fig-006574,cas167
fig-006575,cas183
fig-006576,cas181
fig-006577,cas231
fig-006578,cas187
fig-006579,cas182
fig-006580,cas182
fig-006581,cas188
fig-006582,cas184
fig-006583,cas185
fig-006584,cas180
fig-006585,cas186
fig-006586,cas179
fig-006587,cas173
fig-006588,cas172
fig-006589,gen002
fig-006590,cas166
fig-006591,cas176
fig-006592,cas175
fig-006593,cas322
fig-006594,cas177
fig-006595,cas174
fig-006596,cas055
fig-006597,cas054
fig-006598,cas052
fig-006599,cas206
fig-006600,cas203
fig-006601,cas212
fig-006602,cas211
fig-006603,cas210
fig-006604,ow006
fig-006605,ow007
fig-006606,ow008
fig-006607,ow010
fig-006608,ow009
fig-006609,ow004
fig-006610,ow003
fig-006611,ow005
fig-006612,ow001
fig-006613,ow002
fig-006615,pha005
fig-006616,pha006
fig-006617,pha003
fig-006618,pha009
fig-006619,pha011
fig-006620,pha002
fig-006621,pha004
fig-006622,pha007
fig-006623,pha008
fig-006624,pha012
fig-006625,pha010
fig-006626,pm025
fig-006627,pm029
fig-006628,pm031
fig-006629,pm030
fig-006630,pm027
fig-006631,pm032
fig-006632,pm026
fig-006633,pm023
fig-006634,pm024
fig-006635,pm005
fig-006636,pm011
fig-006637,pm010
fig-006638,pm015a
fig-006639,pm018
fig-006640,pm014
fig-006641,pm016
fig-006642,pm004
fig-006643,pm012
fig-006644,pm003
fig-006645,pm019
fig-006646,pm020
fig-006647,pm015
fig-006648,pm022
fig-006649,pm017
fig-006650,pm013
fig-006651,pm033
fig-006652,pm002
fig-006653,pm001
fig-006654,pm007
fig-006655,tlm167
fig-006656,tlm001
fig-006657,tlm013
fig-006658,tlm004
fig-006659,idea040
fig-006660,idea038
fig-006661,idea039
fig-006662,idea037
fig-006663,idea034
fig-006664,idea035
fig-006665,idea036
fig-006666,idea026
fig-006667,idea025
fig-006668,idea027
fig-006669,idea028
fig-006670,idea013
fig-006671,idea017
fig-006672,idea015
fig-006673,idea014
fig-006674,idea016
fig-006675,idea018
fig-006676,idea019
fig-006677,rac039
fig-006678,rac041
fig-006679,rac040
fig-006680,rac038
fig-006681,sp085
fig-006682,sp090
fig-006683,sp089
fig-006684,sp088
fig-006685,sp087
fig-006686,sp086
fig-006687,pln182
fig-006688,dis006
fig-006689,rck008
fig-006690,rck010
fig-006691,rck009
fig-006692,rck007
fig-006693,sr004
fig-006694,sr003
fig-006695,sr007
fig-006696,sr005
fig-006697,sr006
fig-006698,sr001
fig-006699,sr002
fig-006700,sr010
fig-006701,sr014
fig-006702,sr009
fig-006703,sr011
fig-006704,sr012
fig-006705,sr013
fig-006706,sr008
fig-006707,ovr003
fig-006708,boat006
fig-006709,boat001
fig-006710,cty0563
fig-006711,cty1758
fig-006712,cty0561
fig-006713,cty0231
fig-006714,cty0260
fig-006715,cty0025
fig-006716,cty0094
fig-006717,cty0095
fig-006718,cty0709
fig-006719,tls097
fig-006720,cas067
fig-006721,cas157
fig-006722,cas159
fig-006723,cas147
fig-006724,cas150
fig-006725,cas153
fig-006726,cas158
fig-006727,cas160
fig-006728,cas164
fig-006729,cas145
fig-006730,cas154
fig-006731,cas155
fig-006732,cas161
fig-006733,cas162
fig-006734,cas163a
fig-006735,cas151a
fig-006736,cas165a
fig-006737,cas287
fig-006738,cas141
fig-006739,cas144
fig-006740,cas333
fig-006741,cas490
fig-006742,cas033
fig-006743,cas207
fig-006744,cas095
fig-006745,cas095
fig-006746,cas216
fig-006747,cas096
fig-006748,tv003
fig-006749,tv002
fig-006750,soc022
fig-006751,cas097
fig-006752,soc016
fig-006753,soc034
fig-006754,soc028
fig-006755,soc092
fig-006756,cas412
fig-006757,soc009
fig-006758,soc023
fig-006759,soc017
fig-006760,cas404
fig-006761,soc096
fig-006762,soc029
fig-006763,soc035
fig-006764,cas533
fig-006765,soc086
fig-006766,soc087
fig-006767,cas503
fig-006768,soc081
fig-006769,cas442
fig-006770,soc083
fig-006771,soc084
fig-006772,cas477
fig-006773,soc101
fig-006774,soc102
fig-006775,soc103
fig-006776,soc104
fig-006777,soc105
fig-006778,soc061
fig-006779,soc062
fig-006780,soc066
fig-006781,soc067
fig-006782,soc068
fig-006783,cas411
fig-006784,cas409
fig-006785,cas410
fig-006786,cas489
fig-006787,cas491
fig-006788,cas553
fig-006789,cas091
fig-006790,cas220
fig-006791,cas093
fig-006792,firec007
fig-006793,hol030
fig-006794,hol031
fig-006795,hol111
fig-006796,hol112
fig-006797,hol052
fig-006798,hol051
fig-006799,hol029
fig-006800,hol028
fig-006801,hol033
fig-006802,hol024
fig-006803,hol027
fig-006804,hol026
fig-006805,hol025
fig-006806,hol050
fig-006807,hol049
fig-006808,hol073
fig-006809,hol074
fig-006810,hol036
fig-006811,hol035
fig-006812,hol132
fig-006813,hol131a
fig-006814,hol104
fig-006815,hol103
fig-006816,hol102
fig-006817,hol098
fig-006818,hol096
fig-006819,hol097
fig-006820,hol055
fig-006821,hol056
fig-006822,hol089
fig-006823,hol088
fig-006824,hol062
fig-006825,hol095
fig-006826,hol022
fig-006827,hol023
fig-006828,hol071
fig-006829,hol072
fig-006830,hol101
fig-006831,hol100
fig-006832,hol053
fig-006833,hol054
fig-006834,hol083
fig-006835,hol084
fig-006836,hol016
fig-006837,hol015
fig-006838,hol003
fig-006839,idea007
fig-006840,idea008
fig-006841,vik034
fig-006842,vik026
fig-006843,vik032
fig-006844,vik035
fig-006845,vik033
fig-006846,vik027
fig-006847,hol048
fig-006848,hol046
fig-006849,hol047
fig-006850,hol044
fig-006851,hol045a
fig-006852,cas131a
fig-006853,cas136
fig-006854,cas135
fig-006855,cas133
fig-006856,cas128
fig-006857,cas126
fig-006858,cas124
fig-006859,cas128new
fig-006860,cas139
fig-006861,cas137
fig-006862,cas138
fig-006863,cas122new
fig-006864,cas321
fig-006865,cas134a
fig-006866,cas132a
fig-006867,cas320
fig-006868,cas240a
fig-006869,cas123a
fig-006870,cas284
fig-006871,cas140a
fig-006872,cas137a
fig-006873,cas323
fig-006874,cas319
fig-006875,cas004
fig-006876,cas006
fig-006877,cas010
fig-006878,cas008
fig-006879,cas009
fig-006880,cas285
fig-006881,cas286
fig-006882,cas252
fig-006883,cas251
fig-006884,cas255
fig-006885,cas234
fig-006886,cas098
fig-006887,cas099
fig-006888,cas101
fig-006889,cas103
fig-006890,cas102
fig-006891,pck011
fig-006892,trn085
fig-006893,cas005
fig-006894,soc006
fig-006895,soc007
fig-006896,soc046
fig-006897,cas301
fig-006898,cas236
fig-006899,cas219
fig-006900,cas001
fig-006901,cas014
fig-006902,cas015
fig-006903,cas017a
fig-006904,cas018
fig-006905,sp052a
fig-006906,cas016
fig-006907,cas017
fig-006908,sp007
fig-006909,cas245
fig-006910,sp003
fig-006911,cas534
fig-006912,cas550
fig-006913,cas483b
fig-006914,cas326
fig-006915,cas396
fig-006916,cas473
fig-006917,soc150
fig-006918,soc149
fig-006919,soc151
fig-006920,cas473
fig-006921,soc063
fig-006922,soc064
fig-006923,soc065
fig-006924,Soc069
fig-006925,soc070
fig-006926,soc071
fig-006927,soc072
fig-006928,soc073
fig-006929,soc074
fig-006930,soc075
fig-006931,soc076
fig-006932,soc077
fig-006933,soc078
fig-006934,soc079
fig-006935,soc080
fig-006936,soc135
fig-006937,soc138
fig-006938,soc136
fig-006939,soc137
fig-006940,soc106
fig-006941,soc140
fig-006942,soc141
fig-006943,soc139
fig-006944,sp053a
fig-006945,cas509
fig-006946,sp015
fig-006947,cas306
fig-006948,sp057
fig-006949,sp056
fig-006950,sp041
fig-006951,sp045
fig-006952,sp048
fig-006953,sp049
fig-006954,sp010a
fig-006955,lom003a
fig-006956,lom002
fig-006957,lom012
fig-006958,lom017
fig-006959,lom015
fig-006960,lom008
fig-006961,lom004
fig-006962,lom009
fig-006963,lom001
fig-006964,lom006
fig-006965,lom010
fig-006966,lom018
fig-006967,lom005
fig-006968,lom007
fig-006969,lom011
fig-006970,sp025
fig-006971,sp028
fig-006972,sp029
fig-006973,mm010
fig-006974,mm001
fig-006975,mm012
fig-006976,mm007
fig-006977,mm015
fig-006978,mm004
fig-006979,mm009
fig-006980,mm003
fig-006981,mm008
fig-006982,mm002
fig-006983,mm013
fig-006984,mm014
fig-006985,ac003
fig-006986,ac002
fig-006987,ac001
fig-006988,ac004
fig-006989,ac015
fig-006990,ac016
fig-006991,ac009
fig-006992,ac012
fig-006993,ac010
fig-006994,ac006
fig-006995,ac013
fig-006996,ac008
fig-006997,ac011
fig-006998,ac007
fig-006999,gs003
fig-007000,gs004
fig-007001,gs015
fig-007002,gs002
fig-007003,gs014
fig-007004,gs006
fig-007005,gs005
fig-007006,gs010
fig-007007,gs011
fig-007008,gs009
fig-007009,gs001
fig-007010,gs012
fig-007011,gs013
fig-007012,gs008
fig-007013,gs007
fig-007014,tlm107
fig-007015,tlm108
fig-007016,tlm110
fig-007017,tlm109
fig-007018,tlm100
fig-007019,tlm077
fig-007020,tlm048
fig-007021,tlm026
fig-007022,tlm076
fig-007023,tlm094
fig-007024,tlm095
fig-007025,tlm092
fig-007026,tlm096
fig-007027,tlm093
fig-007028,tlm090
fig-007029,tlm091
fig-007030,tlm074
fig-007032,tlm067
fig-007034,tlm068
fig-007035,tlm078
fig-007036,tlm069
fig-007037,tlm070
fig-007038,tlm079
fig-007039,tlm073
fig-007040,tlm082
fig-007041,tlm086
fig-007042,tlm083
fig-007043,tlm084
fig-007044,tlm085
fig-007045,tlm087
fig-007046,tlm126
fig-007047,tlm127
fig-007048,tlm128
fig-007049,tlm181
fig-007050,tlm103
fig-007051,tlm180
fig-007052,tlm114
fig-007053,tlm178
fig-007054,tlm129
fig-007055,tlm176
fig-007056,tlm121
fig-007057,tlm122
fig-007058,tlm140
fig-007059,tlm113
fig-007060,tlm199
fig-007061,tlm192
fig-007062,tlm183
fig-007063,tlm184
fig-007064,tlm185
fig-007065,tlm186
fig-007066,tlm190
fig-007067,tlm119
fig-007068,tlm118
fig-007069,tlm120
fig-007070,tlm175
fig-007071,tlm104
fig-007072,tlm147
fig-007073,tlm145
fig-007074,tlm171
fig-007075,tlm172
fig-007076,tlm170
fig-007077,tlm209
fig-007078,tlm208
fig-007079,tlm207
fig-007080,tlm205
fig-007081,tlm204
fig-007082,tlm203
fig-007083,tlm202
fig-007084,tlm201
fig-007085,tlm191
fig-007086,tlm139
fig-007087,tlm130
fig-007089,tlm134
fig-007090,tlm131
fig-007092,tlm138
fig-007093,tlm136
fig-007094,tlm135
fig-007095,tlm137
fig-007096,tlm133
fig-007097,tlm132
fig-007098,tlm169
fig-007099,tlm197
fig-007100,tlm196
fig-007101,sh0635
fig-007102,sh0636
fig-007103,sh0634
fig-007104,cas060a
fig-007106,cas059
fig-007107,cas060
fig-007108,cas063
fig-007109,cas061
fig-007110,cas239
fig-007111,cas064
fig-007112,cas250
fig-007113,cas243
fig-007114,cas027
fig-007115,cas026
fig-007116,cas030
fig-007117,cas032
fig-007118,soc117
fig-007119,soc116
fig-007120,soc114
fig-007121,soc115
fig-007122,soc121
fig-007123,soc119
fig-007124,soc122
fig-007125,soc118
fig-007126,soc120
fig-007127,soc127
fig-007128,soc126
fig-007129,soc124
fig-007130,soc125
fig-007131,soc123
fig-007132,soc004
fig-007133,soc005
fig-007134,jbl006
fig-007135,trn015
fig-007136,trn086
fig-007137,soc057
fig-007138,soc058
fig-007139,soc011
fig-007140,soc018
fig-007141,soc024
fig-007142,soc030
fig-007143,soc036
fig-007144,soc040
fig-007145,soc059
fig-007146,soc044
fig-007147,gg009
fig-007148,gg008
fig-007149,gg004
fig-007150,gg003
fig-007151,gg006
fig-007152,gg005
fig-007153,cty0436
fig-007154,cty0435
fig-007155,cty0434
fig-007156,cty0433
fig-007157,cty0432
fig-007158,pln093
fig-007159,pln092
fig-007160,soc133
fig-007161,soc134
fig-007162,trn087
fig-007163,cop028
fig-007164,cop029
fig-007165,soc130
fig-007166,soc129
fig-007167,soc128
fig-007168,soc131
fig-007169,rsq011
fig-007170,soc001
fig-007171,soc047
fig-007172,soc048
fig-007173,twn013
fig-007174,oct035
fig-007175,pln014
fig-007176,soc097
fig-007177,soc051
fig-007178,soc053
fig-007179,soc050
fig-007180,soc052
fig-007181,soc054
fig-007182,hky001
fig-007183,hky003
fig-007184,hky005
fig-007185,hky007
fig-007186,hky002
fig-007187,hky004
fig-007188,hky006
fig-007189,hky008
fig-007190,hky009
fig-007191,hky010
fig-007192,nba050
fig-007193,nba051
fig-007194,nba053
fig-007195,nba054
fig-007196,nba052
fig-007197,nba043
fig-007198,nba029
fig-007199,nba025
fig-007200,nba042
fig-007201,nba028
fig-007202,nba044
fig-007203,nba041
fig-007204,nba046
fig-007205,nba045
fig-007206,nba026
fig-007207,frnd0673
fig-007208,arc007
fig-007209,nba028
fig-007210,arc005
fig-007211,arc009
fig-007212,arc001
fig-007213,cty0491
fig-007214,cty0926
fig-007215,cty0923
fig-007216,cty0929
fig-007217,cty0927
fig-007218,cty0924
fig-007219,cty0904
fig-007220,cty0905
fig-007221,cty0931
fig-007222,cty0498
fig-007223,cty0551
fig-007224,cty0552
fig-007225,cty0495
fig-007226,frnd0672
fig-007227,frnd0671
fig-007228,cty0494
fig-007229,cty0496
fig-007230,frnd0735
fig-007231,cty0490
fig-007232,cty0801
fig-007233,cty0800
fig-007234,cty0799
fig-007235,cty0798
fig-007236,cty0104
fig-007237,cty0103
fig-007238,cty0401
fig-007239,cty0134a
fig-007240,cty0402
fig-007241,cty0114
fig-007242,air039
fig-007243,cty0053
fig-007244,cty0054
fig-007245,cty0064
fig-007246,cty0070
fig-007247,cty0072
fig-007248,cty0065
fig-007249,CTY0076
fig-007250,CTY0073A
fig-007251,CTY0071
fig-007252,cty0410
fig-007253,cty0412
fig-007254,cty0411
fig-007255,cty0413
fig-007256,cty0408
fig-007257,cty0409
fig-007258,cty0406
fig-007259,cty0407
fig-007260,cty0108
fig-007261,cty0077
fig-007262,cty0089
fig-007263,cty0078
fig-007264,cty0824
fig-007265,cty0825
fig-007266,cty0860
fig-007267,cty0864
fig-007268,cty0865
fig-007269,cty0861
fig-007270,cty0866
fig-007271,cty0863
fig-007272,cty0862
fig-007273,cty0829
fig-007274,cty0828
fig-007275,cty0827
fig-007276,cty0826
fig-007277,cty0812
fig-007278,cty0797
fig-007279,cty0813
fig-007280,cty0818
fig-007281,cty0817
fig-007282,cty0811
fig-007283,cty0809
fig-007284,cty0810
fig-007285,cty0429
fig-007286,cty0430
fig-007287,cty0431
fig-007288,cty0415
fig-007289,cty0418
fig-007290,cty0424
fig-007291,cty0416
fig-007292,cty0414
fig-007293,cty0417
fig-007294,nba014
fig-007295,nba013
fig-007296,nba015
fig-007297,nba021
fig-007298,nba019
fig-007299,nba020
fig-007300,nba017
fig-007301,nba016
fig-007302,nba018
fig-007303,nba010
fig-007304,nba012
fig-007305,nba011
fig-007306,nba002
fig-007307,nba003
fig-007308,nba008
fig-007309,nba009
fig-007310,nba007
fig-007311,nba024
fig-007312,nba022
fig-007313,nba005
fig-007314,nba004
fig-007315,nba037
fig-007316,nba040
fig-007317,nba047
fig-007318,nba036
fig-007319,nba035
fig-007320,nba034
fig-007321,nba038
fig-007322,nba039
fig-007323,nba032
fig-007324,nba031
fig-007325,nba030
fig-007326,nba033
fig-007327,hol002
fig-007328,twn055
fig-007329,twn058
fig-007330,twn059
fig-007331,hol001
fig-007332,twn090a
fig-007333,twn056a
fig-007334,twn056
fig-007335,twn090
fig-007336,hol067
fig-007337,hol064
fig-007338,hol063
fig-007339,hol069
fig-007340,hol068
fig-007341,hol065
fig-007342,hol066
fig-007343,hol070b
fig-007344,par060
fig-007349,tel004
fig-007350,tel003
fig-007351,tel002
fig-007352,pln104
fig-007353,pln095
fig-007354,pln094
fig-007355,gen022
fig-007356,cas302
fig-007357,hol121
fig-007358,hol124
fig-007359,hol117
fig-007360,hol118
fig-007361,hol119
fig-007362,hol123
fig-007363,hol120
fig-007364,hol122
fig-007366,twn124
fig-007368,twn120
fig-007369,twn123
fig-007370,twn125
fig-007371,twn122
fig-007372,twn121
fig-007373,twn119
fig-007374,twn121a
fig-007375,twn123a
fig-007376,twn148
fig-007377,twn147
fig-007378,twn151
fig-007379,twn150
fig-007380,twn149
fig-007381,twn145
fig-007382,twn146
fig-007383,cty0329
fig-007384,cty0328
fig-007385,cty0327
fig-007386,cty0330
fig-007387,cty0332
fig-007388,cty0331
fig-007389,cty0326
fig-007390,cty0325
fig-007391,cty0441
fig-007392,cty0445
fig-007393,cty0443
fig-007394,cty0440
fig-007395,cty0442
fig-007396,cty0444
fig-007397,cty0437
fig-007398,cty0438
fig-007399,cty0439
fig-007400,hol090
fig-007401,hol093
fig-007402,hol092
fig-007403,hol091
fig-007404,hol094
fig-007405,cty0425
fig-007406,col303
fig-007407,col302
fig-007408,col311
fig-007409,col308
fig-007410,col310
fig-007411,col309
fig-007412,cty1153
fig-007413,cty1152
fig-007414,cty1151
fig-007415,cty1150
fig-007417,cty1054
fig-007418,cty1053
fig-007419,cty1051
fig-007420,cty1052
fig-007421,sp004new
fig-007422,sp001new
fig-007423,doc001
fig-007424,chef007
fig-007425,post001new
fig-007426,jail001
fig-007427,jail004
fig-007428,stu010b
fig-007429,cty0533
fig-007430,cty0532
fig-007431,cty0550
fig-007432,cty0531
fig-007433,col277
fig-007434,col278
fig-007435,col281
fig-007436,col279
fig-007437,col280
fig-007438,col285
fig-007439,col284
fig-007440,col282
fig-007441,col283
fig-007442,col272
fig-007443,col270
fig-007444,col269
fig-007445,col271a
fig-007446,col263
fig-007447,col261
fig-007448,col264
fig-007449,col262
fig-007451,col265
fig-007452,col268
fig-007453,col266
fig-007454,col267
fig-007455,col304
fig-007456,col305
fig-007457,col306
fig-007458,col307
fig-007459,air010
fig-007460,sp001
fig-007462,sp007new
fig-007463,hrf004new
fig-007464,cty0243
fig-007465,ovr041
fig-007466,cty0244
fig-007467,twn141
fig-007468,col276
fig-007469,col275
fig-007470,col273
fig-007471,col274
fig-007472,pln188
fig-007473,pln187
fig-007474,pln189
fig-007475,pln184
fig-007476,pln183
fig-007477,pln186
fig-007478,pln185
fig-007479,hol182
fig-007480,gen051
fig-007481,gen052
fig-007482,hol087
fig-007483,hol197
fig-007484,hol018
fig-007485,hol019
fig-007486,hol020
fig-007487,cty0682
fig-007488,cty0683
fig-007489,hol081
fig-007490,cty0629
fig-007491,hol080
fig-007492,sc071
fig-007493,sc070
fig-007494,sc074
fig-007495,sc073
fig-007496,sc037
fig-007497,sc038
fig-007498,sc039
fig-007499,sc072
fig-007500,sc076
fig-007501,sc075
fig-007502,sc007
fig-007503,sc025
fig-007504,sc035
fig-007505,sc026
fig-007506,sc027
fig-007507,sc028
fig-007508,sc068
fig-007509,sc013
fig-007510,sc012
fig-007511,sc014
fig-007512,sc015
fig-007513,sc016
fig-007514,sc017
fig-007515,sc056
fig-007516,sc051
fig-007517,sc049
fig-007518,sc050
fig-007519,sc048
fig-007520,sc067
fig-007521,sc066
fig-007522,sc065
fig-007523,sc060
fig-007524,sc063
fig-007525,sc061
fig-007526,sc062
fig-007527,sc018
fig-007528,sc019
fig-007529,sc020
fig-007530,sc021
fig-007531,sc080
fig-007532,sc079
fig-007533,sc085
fig-007534,sc084
fig-007535,sc052
fig-007536,sc006
fig-007537,sc005
fig-007538,sc004
fig-007539,sc069
fig-007540,sc034
fig-007541,sc047
fig-007542,sc040
fig-007543,sc045
fig-007544,sc046
fig-007545,sc042
fig-007546,sc044
fig-007547,sc043
fig-007548,sc041
fig-007549,sc010
fig-007550,sc008
fig-007551,sc009
fig-007552,sc011
fig-007553,sc057
fig-007554,sc058
fig-007555,sc059
fig-007556,sc033
fig-007557,sc032
fig-007558,sc031
fig-007559,sc030
fig-007560,sc029
fig-007561,hol109
fig-007562,hol108
fig-007563,hol107
fig-007564,hol106
fig-007565,hol105
fig-007566,hol125
fig-007567,hol129
fig-007568,hol127
fig-007569,hol126
fig-007570,hol128
fig-007571,cty1080
fig-007572,hol166
fig-007573,hol165
fig-007574,cty1085
fig-007575,hol163
fig-007576,hol162
fig-007577,hol059
fig-007578,hol061
fig-007579,cty0522
fig-007580,hol058
fig-007581,hol057
fig-007582,hol042
fig-007583,hol040
fig-007584,hol041
fig-007585,hol039
fig-007586,hol038
fig-007587,hol037
fig-007588,hol014
fig-007589,cty0302
fig-007590,cty0337
fig-007591,cty0338
fig-007592,cty0339
fig-007593,cty0335
fig-007594,cty0336
fig-007595,wr009
fig-007596,wr017
fig-007597,wr018
fig-007598,wr016
fig-007599,wr019
fig-007600,wr020
fig-007601,wr002
fig-007602,wr010
fig-007603,wr012
fig-007604,wr013
fig-007605,wr014
fig-007606,wr015
fig-007607,wr001
fig-007608,wr011
fig-007609,wr006
fig-007610,wr007
fig-007611,wr003
fig-007612,wr004
fig-007613,wr005
fig-007614,cty1757
fig-007615,wr008
fig-007616,wr024
fig-007617,wr023
fig-007618,wr022
fig-007619,wr021
fig-007620,rac036
fig-007621,rac022
fig-007622,rac030a
fig-007623,rac032
fig-007624,rac037
fig-007625,rac025
fig-007626,rac031
fig-007627,rac035
fig-007628,rac033
fig-007629,cas309
fig-007630,cas308
fig-007631,cas304
fig-007632,cas305
fig-007633,cas303
fig-007634,cas046
fig-007635,rac029
fig-007636,rac028
fig-007637,jbl010
fig-007638,rac023
fig-007639,rac046
fig-007640,rac045
fig-007641,rac043
fig-007642,rac042
fig-007643,rac044
fig-007644,rac026
fig-007645,rac053
fig-007646,rac051
fig-007647,rac052
fig-007648,rac017
fig-007649,rac016
fig-007650,twn344
fig-007651,twn345
fig-007652,twn346
fig-007653,twn347
fig-007654,twn287
fig-007655,twn288
fig-007656,gen108
fig-007657,gen107
fig-007658,twn264
fig-007659,twn265
fig-007660,gen105
fig-007661,gen106
fig-007662,twn352
fig-007663,twn350
fig-007664,twn348
fig-007665,twn351
fig-007666,twn349
fig-007667,twn355
fig-007668,twn353
fig-007669,twn354
fig-007670,cas041
fig-007671,cas279
fig-007672,gen009
fig-007673,cas202
fig-007674,cas039
fig-007675,cas247
fig-007676,cas034
fig-007677,cas036
fig-007678,cas037
fig-007679,sw0133
fig-007680,sw0137
fig-007681,sw0121
fig-007682,trn143
fig-007683,ovr033
fig-007684,cty0066
fig-007685,cty0067
fig-007686,cty0068
fig-007687,chef017b
fig-007688,par063
fig-007689,cty0112
fig-007690,cty0668
fig-007691,chef024
fig-007692,cty0723
fig-007694,cty0724
fig-007695,cty0721
fig-007696,cty0717
fig-007697,twn280
fig-007698,trn240
fig-007699,cty0718
fig-007700,cty0726
fig-007701,pln180
fig-007702,cty0715
fig-007703,cty0716
fig-007704,post011
fig-007705,cty0719
fig-007706,cty0720
fig-007707,twn279
fig-007708,cty0722
fig-007709,cty0725
fig-007710,twn281
fig-007711,doc037
fig-007712,air046b
fig-007713,air047
fig-007714,twn131b
fig-007715,doc035b
fig-007716,doc036
fig-007717,cty0090b
fig-007718,cty0120
fig-007719,oct055b
fig-007720,cty0058b
fig-007721,cty0059
fig-007722,cty0214b
fig-007723,pln116
fig-007724,cop053
fig-007725,post010b
fig-007726,cty0119
fig-007727,twn129
fig-007728,twn130
fig-007729,cty0183
fig-007730,cty0123b
fig-007731,trn145
fig-007732,cty0222b
fig-007733,cas403
fig-007734,cas397
fig-007735,cas405
fig-007736,cas406
fig-007737,cas327
fig-007738,cas467
fig-007739,cas042
fig-007740,cty0814
fig-007741,cty0815
fig-007742,cty0822
fig-007743,cty0794
fig-007744,cty0821
fig-007745,cty0820
fig-007746,cty0823
fig-007747,cty0788
fig-007748,cty0805
fig-007749,cty0803
fig-007750,cty0802
fig-007751,cty0804
fig-007752,cty0806
fig-007753,cty0816
fig-007754,cty0791
fig-007755,cty0796
fig-007756,cty0795
fig-007757,cty0793
fig-007758,cty0789
fig-007759,cty0790
fig-007760,cty0886
fig-007761,oct066
fig-007762,oct067
fig-007763,cty0831
fig-007764,rac059
fig-007765,rac060
fig-007766,cty0545
fig-007767,cty0546
fig-007768,cty0241
fig-007769,cty0240
fig-007770,cty0242
fig-007771,cty0265
fig-007772,cty0266
fig-007773,cty0263
fig-007774,cty0277
fig-007775,cty0274
fig-007776,cty0273
fig-007777,cty0282
fig-007778,cty0276
fig-007779,cty0283
fig-007780,cty0284
fig-007781,cty0220
fig-007782,cty0219
fig-007783,cty0218
fig-007784,cty0217
fig-007785,cty0040
fig-007786,cty0230
fig-007787,cty0231
fig-007788,cty0098
fig-007789,cty0019
fig-007790,cty0383
fig-007791,cty0208
fig-007792,cty0200
fig-007793,cty0216
fig-007794,cty0027a
fig-007795,cty0205
fig-007796,cty0207
fig-007797,cty0206
fig-007798,cty0203
fig-007799,cty0199
fig-007800,cty0201
fig-007801,cty0012
fig-007802,cty0013
fig-007803,cty0100
fig-007804,cty0099
fig-007805,cty0097
fig-007806,cty0101
fig-007807,cty0102
fig-007808,cty0208
fig-007809,cty0210
fig-007810,cty0209
fig-007811,cty0211
fig-007812,cty0212
fig-007813,mnn004
fig-007814,mnn005
fig-007815,mnn006
fig-007816,mnn002
fig-007817,mnn001
fig-007818,mnn003
fig-007819,twn230
fig-007820,twn210
fig-007821,twn341
fig-007822,rb001
fig-007823,rb002
fig-007824,rb003
fig-007825,cty0735
fig-007826,cty0732
fig-007827,cty0781
fig-007828,cty0383a
fig-007829,cty0643
fig-007830,cty0642
fig-007831,cty0463
fig-007832,cty0488
fig-007833,cty0852
fig-007834,cty0853
fig-007835,cty0850
fig-007836,cty0851
fig-007837,cty0364
fig-007838,cty0360
fig-007839,cty1108
fig-007840,cty1145
fig-007841,cty1147
fig-007842,cty1146
fig-007843,cty0449
fig-007844,cty0448
fig-007845,cty0358
fig-007846,cty0362
fig-007847,cty0361
fig-007848,cty0363
fig-007849,cty0356
fig-007850,cty0780
fig-007851,cty0779
fig-007852,cty0778
fig-007853,cty0357
fig-007854,cty0451
fig-007855,cty0452
fig-007856,cty0450
fig-007858,cty0523
fig-007859,cty0480
fig-007860,cty0481
fig-007861,cty0478
fig-007862,cty0479
fig-007863,cty0477
fig-007864,cty0486
fig-007865,cty0458
fig-007866,cty0485
fig-007867,cty0484
fig-007868,cty0487
fig-007869,cty0464
fig-007870,cty0462
fig-007871,cty0454
fig-007872,cty0455
fig-007873,cty0453
fig-007874,cty0476
fig-007875,cty0457
fig-007876,cty0456
fig-007877,cty0618
fig-007878,cty0620
fig-007879,cty0621
fig-007880,cty0615
fig-007881,cty0612
fig-007882,cty0519
fig-007883,cty0513
fig-007884,cty0514
fig-007885,cty0515
fig-007886,cty0548
fig-007887,cty0516
fig-007888,cty0517
fig-007889,cty0734
fig-007890,cty0733
fig-007891,cty0754
fig-007892,cty0753
fig-007893,cty0701
fig-007894,cty0702
fig-007895,cty0703
fig-007896,cty0746
fig-007897,cty0745
fig-007898,cty0744
fig-007899,cty0777
fig-007900,cty0776
fig-007901,cty0613
fig-007902,cty0631
fig-007903,cty0633
fig-007904,cty0632
fig-007905,cty0645
fig-007906,cty0644
fig-007907,cty0616
fig-007908,cty0773
fig-007909,cty0775
fig-007910,cty0772
fig-007911,cty0774
fig-007912,cty0755
fig-007913,cty0756
fig-007914,cty0954
fig-007915,cty0953
fig-007916,cty0980
fig-007917,cty0989
fig-007918,cty0988
fig-007919,cty0855
fig-007920,cty0834
fig-007921,cty0854
fig-007922,cty0867
fig-007923,cty0833
fig-007924,cty0869
fig-007925,cty0868
fig-007926,cas468
fig-007927,cas469
fig-007928,cas470
fig-007929,cas471
fig-007930,cas446
fig-007931,cas472
fig-007932,cty1122
fig-007933,cty1120
fig-007934,cty1121
fig-007935,cty1125
fig-007936,cty1126
fig-007937,cty1127
fig-007938,cty1128
fig-007939,cty1124
fig-007940,cty1123
fig-007941,cty1133
fig-007942,cty1135
fig-007943,cty1137
fig-007944,cty1134
fig-007945,cty1136
fig-007946,cty1144
fig-007947,cty1141
fig-007948,cty1142
fig-007949,cty1130
fig-007950,cty1131
fig-007951,cty1129
fig-007952,cty1132
fig-007953,cty1158
fig-007954,cty1159
fig-007955,cty1156
fig-007956,cty1155
fig-007957,cty0375
fig-007958,cty0376
fig-007959,cty0377
fig-007960,cty0378
fig-007961,cty0137
fig-007962,cty0138
fig-007963,cty0835
fig-007964,cty0837
fig-007965,cty0836
fig-007966,cty0832
fig-007967,cty0872
fig-007968,cty0879
fig-007969,cty0883
fig-007970,cty0871
fig-007971,cty0976
fig-007972,cty0978
fig-007973,cty0979
fig-007974,cty1000
fig-007975,cty0992
fig-007976,cty0993
fig-007977,cty0994
fig-007978,cty0995
fig-007979,cty0997
fig-007980,cty0998
fig-007981,cty0999
fig-007982,jail002
fig-007983,twn016
fig-007984,cop009
fig-007985,cop010
fig-007986,cop007
fig-007987,cop027
fig-007988,cop004
fig-007989,cop008
fig-007990,cop002
fig-007991,cop006
fig-007992,PLN050
fig-007993,jail003
fig-007994,cop024
fig-007995,cop035
fig-007996,cop034
fig-007997,cop037
fig-007998,cop036
fig-007999,cop018
fig-008000,cop033
fig-008001,cop032
fig-008002,cop031
fig-008003,wc002
fig-008004,wc001
fig-008005,wc004
fig-008006,wc007
fig-008007,wc006
fig-008008,wc009
fig-008009,wc023
fig-008010,hor007
fig-008011,firec002
fig-008012,firec003
fig-008013,firec016
fig-008014,cty1730
fig-008015,but001
fig-008016,firec009
fig-008017,firec010
fig-008018,cop056
fig-008019,jail006
fig-008020,cty0890a
fig-008021,sw1092
fig-008022,cty0286
fig-008023,cty0301
fig-008024,cty0300
fig-008025,cty0279
fig-008026,cty0280
fig-008027,cty0278
fig-008028,cty0166
fig-008029,cty0164
fig-008030,cty0165
fig-008031,cty0004
fig-008032,cty0088
fig-008033,cty0044
fig-008034,cty0045
fig-008035,cty0167
fig-008036,cty0056
fig-008037,cty0055
fig-008038,cty0057
fig-008039,cty0086
fig-008040,cty0117b
fig-008041,cty0116b
fig-008042,cty0251
fig-008043,cty0085
fig-008044,cty0087
fig-008045,cty0024
fig-008046,cty0023
fig-008047,cty0637
fig-008048,cty0638
fig-008049,cty0382
fig-008050,cty0173
fig-008051,cty0349
fig-008052,cty0343
fig-008053,cty0374
fig-008054,cty0373
fig-008055,cty0372
fig-008056,cty0371
fig-008057,cty0350
fig-008058,cty0342
fig-008059,cty0351
fig-008060,cty0347
fig-008061,cty0348
fig-008062,cty0346
fig-008063,cty0345
fig-008064,cty0648
fig-008065,cty0647
fig-008066,cty0639
fig-008067,cty0650
fig-008068,cty0649
fig-008069,cty0651
fig-008070,cty0652
fig-008071,cty0653
fig-008072,cty0627
fig-008073,cty0671
fig-008074,cty0670
fig-008075,cty0641
fig-008076,cty0628
fig-008077,cty0640
fig-008078,cty0630
fig-008079,cty0526
fig-008080,cty0525
fig-008081,cty0524
fig-008082,cty0964
fig-008083,cty0963
fig-008084,cty0962
fig-008085,cty0974
fig-008086,cty0996
fig-008087,cty0951
fig-008088,cty0952
fig-008089,cty0307
fig-008090,cty0304
fig-008091,cty0380
fig-008092,cty0381
fig-008093,cty0379
fig-008094,cty1113
fig-008095,cty1114
fig-008096,cty1115
fig-008097,cty1012
fig-008098,cty0966
fig-008099,cty0960
fig-008100,cty0971
fig-008101,cty0970
fig-008102,cty0969
fig-008103,cty0972
fig-008104,cty0968
fig-008105,cty0967
fig-008106,cty0973
fig-008107,cty0975
fig-008108,cty0587
fig-008109,cty0588
fig-008110,cty0737
fig-008111,cty0736
fig-008112,trn093
fig-008113,zip024
fig-008114,zip025
fig-008115,firec008
fig-008116,boat002
fig-008117,cty0289
fig-008118,cty0288
fig-008119,con002
fig-008120,con005
fig-008121,ext001
fig-008122,fire006
fig-008123,fire008
fig-008124,fire007
fig-008125,ovr014
fig-008126,pln050
fig-008127,pln033
fig-008128,trc002
fig-008129,cop051
fig-008130,zip029
fig-008131,hor025
fig-008132,zip028
fig-008133,firec028
fig-008134,chef020
fig-008135,twn117
fig-008136,firec027
fig-008137,chef011
fig-008138,ovr022
fig-008139,but034
fig-008140,pln150
fig-008141,cop046
fig-008142,doc029
fig-008143,fire001
fig-008144,fire003
fig-008145,fire002
fig-008146,fire004
fig-008147,firec013
fig-008148,firec026
fig-008149,firec025
fig-008150,wc016
fig-008151,wc020
fig-008152,wc024
fig-008153,pln126
fig-008154,pln127
fig-008155,pln128
fig-008156,but017
fig-008157,but018
fig-008158,pln082
fig-008159,jred007
fig-008160,jred008
fig-008161,cop016
fig-008162,cop017
fig-008163,wtr001
fig-008164,zip002
fig-008165,zip022
fig-008166,res003
fig-008167,res004
fig-008168,res006
fig-008169,twn028
fig-008170,doc032
fig-008171,cty0082
fig-008172,doc021
fig-008173,doc022
fig-008174,doc023
fig-008175,cty0017
fig-008176,doc033
fig-008177,cty0270
fig-008178,cty0271
fig-008179,cty0318
fig-008180,cty0319
fig-008181,cty0317
fig-008182,cty0894
fig-008183,cty0900
fig-008184,cty0901
fig-008185,cty0898
fig-008186,cty0899
fig-008187,cty0892
fig-008188,cty0893
fig-008189,cty0858
fig-008190,cty0896
fig-008191,cty0897
fig-008192,cty0902
fig-008193,cty0895
fig-008194,cty0857
fig-008195,cty0859
fig-008196,cty0608
fig-008197,cty0607
fig-008198,cty0614
fig-008199,cty0081
fig-008200,cty0080
fig-008201,zip018
fig-008202,zip019
fig-008203,zip008
fig-008204,fbr002
fig-008205,doc010
fig-008206,pln040
fig-008207,zip014
fig-008208,zip013
fig-008209,jred001
fig-008210,ovr009
fig-008211,doc018
fig-008212,doc002
fig-008213,doc003
fig-008214,doc001a
fig-008215,but002
fig-008216,pln044
fig-008217,doc009
fig-008218,air002
fig-008219,pln075
fig-008220,doc005
fig-008221,doc008
fig-008222,doc007
fig-008223,game012
fig-008224,game015
fig-008225,game014
fig-008226,game016
fig-008227,game013
fig-008228,game009
fig-008229,game011
fig-008230,game010
fig-008231,cty0537
fig-008232,cty0539
fig-008233,cty0538
fig-008234,cty0536
fig-008235,cty0394
fig-008236,cty0393
fig-008237,cty0392
fig-008238,cty1003
fig-008239,cty0322
fig-008240,cty0290
fig-008241,cty0291
fig-008242,cty0334
fig-008243,cty0333
fig-008244,cty0014
fig-008245,cty0015
fig-008246,mk011
fig-008247,mk010
fig-008248,mk001
fig-008249,mk021
fig-008250,mk002
fig-008251,mk004
fig-008252,mk005
fig-008253,mk012
fig-008254,mk003
fig-008255,mk008
fig-008256,mk007
fig-008257,mk009
fig-008258,mk014
fig-008259,mk013
fig-008260,mk017
fig-008261,mk018
fig-008262,mk015
fig-008263,mk016
fig-008264,mk019
fig-008265,cty0124
fig-008266,cty0125
fig-008267,cty0126
fig-008268,cty0032
fig-008269,cty0029
fig-008270,cty0700
fig-008271,cty0699
fig-008272,cty0528
fig-008273,cty0527
fig-008274,cty0540
fig-008275,cty0555
fig-008276,cty0541
fig-008277,cty0529
fig-008278,cty0534
fig-008279,cty0365
fig-008280,cty0366
fig-008281,cty0925
fig-008282,cty0849
fig-008283,cty0875
fig-008284,cty0885
fig-008285,cty0848
fig-008286,cty0876
fig-008287,cty0884
fig-008288,cty0847
fig-008289,cty0877
fig-008290,cty1154
fig-008291,cty1162
fig-008292,cty1161
fig-008293,doc012
fig-008294,jred003
fig-008295,ovr013
fig-008296,but014
fig-008297,trn070
fig-008298,hor002
fig-008299,pln0010
fig-008300,sh0629
fig-008301,sh0630
fig-008302,sh0631
fig-008303,boat007
fig-008304,hor023
fig-008305,but029
fig-008306,cop030
fig-008307,res005
fig-008308,res007
fig-008309,boat001
fig-008310,boat003
fig-008311,twn269
fig-008312,twn273
fig-008313,twn270
fig-008314,twn272
fig-008315,twn268
fig-008316,twn275
fig-008317,twn274
fig-008318,twn271
fig-008319,twn162
fig-008320,twn157
fig-008321,twn161
fig-008322,twn158
fig-008323,twn160
fig-008324,twn155
fig-008325,twn159
fig-008326,twn156
fig-008327,twn356
fig-008328,twn359
fig-008329,twn358
fig-008330,twn361
fig-008331,twn357
fig-008332,twn360
fig-008333,twn383
fig-008334,twn385
fig-008335,twn384
fig-008336,twn387
fig-008337,twn386
fig-008338,twn308
fig-008339,twn309
fig-008340,twn310
fig-008341,twn311
fig-008342,twn313
fig-008343,twn312
fig-008344,twn193
fig-008345,twn190
fig-008346,twn191
fig-008347,twn192
fig-008348,twn189
fig-008349,twn251
fig-008350,twn252
fig-008351,twn248
fig-008352,twn250
fig-008353,twn249
fig-008354,twn072
fig-008355,twn073
fig-008356,twn074
fig-008357,twn071
fig-008358,twn221
fig-008359,twn218
fig-008360,twn223
fig-008361,twn222
fig-008362,twn220
fig-008363,twn219
fig-008364,twn091
fig-008365,twn093
fig-008366,twn092
fig-008367,pln161
fig-008368,twn177
fig-008369,twn176
fig-008370,twn178
fig-008371,twn180
fig-008372,twn181
fig-008373,twn179
fig-008374,twn104
fig-008375,twn100
fig-008376,twn102
fig-008377,twn101
fig-008378,twn106
fig-008379,twn103
fig-008380,twn105
fig-008381,twn041
fig-008382,twn040
fig-008383,pln113
fig-008384,twn137
fig-008385,twn140
fig-008386,twn138
fig-008387,twn139
fig-008388,twn045
fig-008389,twn044
fig-008390,ovr032
fig-008391,uni25
fig-008392,uni24
fig-008393,uni26
fig-008394,uni03
fig-008395,uni09
fig-008396,uni10
fig-008397,uni08
fig-008398,uni07
fig-008399,uni23
fig-008400,uni15
fig-008401,uni17
fig-008402,uni04
fig-008403,uni21
fig-008404,uni01
fig-008405,uni05
fig-008406,uni06
fig-008407,idea064
fig-008408,idea063
fig-008409,col025
fig-008410,col050
fig-008411,col078
fig-008412,fre002
fig-008414,pck025
fig-008415,col086
fig-008416,col084
fig-008417,idea033
fig-008418,idea032
fig-008419,idea031
fig-008420,idea030
fig-008421,idea041
fig-008422,idea045
fig-008423,idea043
fig-008424,idea042
fig-008425,idea009
fig-008426,idea010
fig-008427,idea011
fig-008428,idea055
fig-008429,idea052
fig-008430,idea054
fig-008431,idea053
fig-008432,llp021
fig-008433,llp023
fig-008434,llp024
fig-008435,llp022
fig-008436,llp029
fig-008437,llp031
fig-008438,llp030
fig-008439,LLP007
fig-008440,LLP008
fig-008441,LLP012
fig-008442,LLP013
fig-008443,LLP009
fig-008444,LLP010
fig-008445,LLP014
fig-008446,LLP015
fig-008447,LLP011
fig-008448,LLP016
fig-008449,LLP004
fig-008450,LLP005
fig-008451,LLP003
fig-008452,LLP002
fig-008453,gen059
fig-008454,gen062
fig-008455,gen058
fig-008456,gen064
fig-008457,gen060
fig-008458,gen063
fig-008459,gen061
fig-008460,ww024
fig-008461,ww023
fig-008468,sh0046
fig-008469,cty0684
fig-008470,twn166
fig-008471,cty0324
fig-008472,but010
fig-008473,con016
fig-008474,jbr011
fig-008475,oct037a
fig-008476,oct036
fig-008477,pln065
fig-008478,ncklc011
fig-008479,trn113
fig-008480,trn114
fig-008481,ver010
fig-008482,firec024
fig-008483,ver013
fig-008484,doc016
fig-008485,hor021
fig-008486,post004
fig-008487,ovr010
fig-008488,air005
fig-008489,cop015
fig-008490,air006
fig-008491,ncklc001
fig-008492,hor024
fig-008493,par052
fig-008494,par040
fig-008495,fre005
fig-008496,fre004
fig-008497,fre003
fig-008498,pln144
fig-008499,ver009
fig-008500,pln162
fig-008501,pln163
fig-008502,twn174
fig-008503,twn173
fig-008504,cty1076
fig-008505,cty1008
fig-008506,cty1010
fig-008507,cty1057
fig-008508,cty1058
fig-008509,cty1035
fig-008510,cty1067
fig-008511,cty1065
fig-008512,cty1068
fig-008513,cty1027
fig-008514,cty1064
fig-008515,cty1063
fig-008516,cty1061
fig-008517,cty1029
fig-008518,cty1060
fig-008519,cty1070
fig-008520,cty1069
fig-008521,cty1009
fig-008522,cty1011
fig-008523,cty1039
fig-008524,cty1036
fig-008525,cty1040
fig-008526,cty1041
fig-008527,cty1028
fig-008528,cty1034
fig-008529,cty1033
fig-008530,cty1418
fig-008531,cty1032
fig-008532,cty1038
fig-008533,cty1030
fig-008534,rsq013
fig-008535,rsq003
fig-008536,rsq005
fig-008537,rsq006
fig-008538,rsq008a
fig-008539,ext014
fig-008540,rsq007
fig-008541,rsq002
fig-008542,rsq009a
fig-008544,ext005
fig-008545,ext010
fig-008546,ext003a
fig-008547,ext007
fig-008548,oct015
fig-008549,ext011
fig-008550,div016
fig-008551,div009
fig-008552,div023
fig-008553,div003
fig-008554,div001a
fig-008555,div011
fig-008556,div015
fig-008557,div018
fig-008558,div022
fig-008559,div008
fig-008560,div012
fig-008561,div014
fig-008562,div020
fig-008564,div010
fig-008565,div007
fig-008566,div004
fig-008567,div025
fig-008568,div013
fig-008569,chef008
fig-008570,bnk003
fig-008571,twn014
fig-008572,cty0002
fig-008573,cty0001
fig-008574,but012
fig-008575,ncklc008
fig-008576,oct018
fig-008577,oct024
fig-008578,oct032
fig-008579,pln010
fig-008580,oct030
fig-008581,jbl007
fig-008582,ovr008
fig-008583,zip001
fig-008584,hor003
fig-008585,jstr008
fig-008586,oct016
fig-008587,oct045
fig-008588,oct034
fig-008589,vel002
fig-008590,oct025
fig-008591,res002
fig-008592,jstr002
fig-008593,par051
fig-008594,rac001
fig-008595,rac002
fig-008596,rac004
fig-008597,rac003
fig-008598,zip006
fig-008599,zip003
fig-008600,zip008
fig-008601,jbr009
fig-008602,lea001
fig-008603,pln041
fig-008604,zip017
fig-008605,pln013
fig-008606,par043
fig-008607,wtr004
fig-008608,ver002
fig-008609,pck001
fig-008610,jred002
fig-008611,oct004
fig-008612,s008
fig-008613,jstr004
fig-008614,oct023
fig-008615,trn094
fig-008616,oct039
fig-008617,oct017
fig-008618,oct041
fig-008619,wc025
fig-008620,wc011
fig-008621,wc010
fig-008622,wc013
fig-008623,wc014
fig-008624,wc012
fig-008625,wc015
fig-008626,wc019a
fig-008627,wc018a
fig-008629,wc019
fig-008630,wc018
fig-008631,wc027
fig-008632,wc029
fig-008633,twn068
fig-008634,twn066
fig-008635,oct062
fig-008636,oct061
fig-008637,twn069
fig-008638,twn070
fig-008639,twn067
fig-008640,twn065
fig-008641,res010
fig-008642,res013
fig-008643,res011
fig-008644,res012a
fig-008645,res009
fig-008646,jbl009
fig-008647,air017
fig-008648,car002
fig-008649,car001
fig-008650,twn008
fig-008651,twn009
fig-008652,twn004
fig-008653,spp002
fig-008654,spp009
fig-008655,spp007
fig-008656,spp010
fig-008657,spp006
fig-008658,splc004
fig-008659,splc005
fig-008660,splc001
fig-008661,splc006
fig-008662,pck021
fig-008663,bnk002
fig-008664,lea006
fig-008665,pck023
fig-008666,cop044
fig-008667,cop043
fig-008668,rep006
fig-008669,firec023
fig-008670,cop047
fig-008671,twn003
fig-008672,rep002
fig-008673,rep003
fig-008674,rep001
fig-008675,trn105
fig-008676,trn104
fig-008677,pck007
fig-008678,oct042
fig-008679,oct020
fig-008680,pln096
fig-008681,twn001
fig-008682,Shell009
fig-008683,Shell011
fig-008684,par024
fig-008685,par013
fig-008686,par015
fig-008687,par002
fig-008688,wtr003
fig-008689,par016
fig-008690,par034
fig-008691,par019
fig-008692,par027
fig-008693,par004
fig-008694,par025
fig-008695,par009
fig-008696,par022
fig-008697,par030
fig-008698,par033
fig-008699,par023
fig-008700,par042
fig-008701,par008
fig-008702,par029
fig-008703,par007
fig-008704,par014
fig-008705,par026
fig-008706,par054
fig-008707,par035
fig-008708,par020
fig-008710,par005
fig-008711,par031a
fig-008712,par010
fig-008713,par021
fig-008714,par032
fig-008715,par018
fig-008716,par006
fig-008717,par028
fig-008718,pck017
fig-008719,tv001
fig-008720,pck006
fig-008721,lea004
fig-008722,but026
fig-008723,trn098
fig-008724,but025
fig-008725,pln028
fig-008726,ovr006
fig-008727,hor017
fig-008728,ovr021
fig-008729,but008
fig-008730,old045
fig-008731,twn042
fig-008732,chef003
fig-008733,ncklc004
fig-008734,twn012
fig-008735,but030
fig-008736,trn100
fig-008737,trn078
fig-008738,but027
fig-008739,jred019
fig-008740,pln136
fig-008741,twn019
fig-008742,ncklc008
fig-008743,but013
fig-008744,s001
fig-008745,airdg001
fig-008746,air025
fig-008747,hor011
fig-008748,ver008
fig-008749,ovr004
fig-008750,hgh003
fig-008751,trn089
fig-008752,jred010
fig-008753,chef002
fig-008754,zip015
fig-008755,ncklc012
fig-008756,cop015
fig-008757,chef002
fig-008758,jred010
fig-008759,but015
fig-008760,but011
fig-008761,trn089
fig-008762,s011
fig-008763,ver006
fig-008764,ovr015
fig-008765,but019
fig-008766,pln077
fig-008767,post002
fig-008768,hor006
fig-008769,col100
fig-008770,col109
fig-008771,col126
fig-008772,col128
fig-008773,col143
fig-008774,col137
fig-008775,col131
fig-008776,col181
fig-008777,col179
fig-008778,cas262
fig-008779,col204
fig-008780,cas297
fig-008781,cas298
fig-008782,cas314
fig-008783,cas315
fig-008784,cas316
fig-008785,cas317
fig-008786,col226
fig-008787,col260
fig-008788,col259
fig-008789,col244
fig-008790,col300
fig-008791,col337
fig-008792,col336
fig-008793,col334
fig-008794,col335
fig-008795,col365
fig-008796,col358
fig-008797,col363
fig-008798,col361
fig-008799,col371
fig-008800,col366
fig-008801,col372
fig-008802,col370
fig-008803,col369
fig-008804,col368
fig-008805,col367
fig-008806,col364
fig-008807,col362
fig-008808,col360
fig-008809,col359
fig-008810,exx001
fig-008811,jred015
fig-008812,shell003
fig-008813,oct001
fig-008814,oct002
fig-008815,trn083
fig-008816,hor004
fig-008817,hor005
fig-008818,s004
fig-008819,shell002
fig-008820,trc003
fig-008821,hor022
fig-008822,jbr014
fig-008823,lea007
fig-008824,trn108
fig-008825,trn107
fig-008826,pln097
fig-008827,jbr013
fig-008828,pck004
fig-008829,jbr006
fig-008830,par045
fig-008831,par044
fig-008832,fbr003
fig-008833,lea003
fig-008834,jbr004
fig-008835,pck012
fig-008836,par046
fig-008837,pln039
fig-008838,jred006
fig-008839,pln054
fig-008840,boat004
fig-008841,boat005
fig-008842,cop001
fig-008843,cop021
fig-008844,cop020
fig-008845,jbr012
fig-008846,cop030
fig-008847,ovr011
fig-008848,fbr001
fig-008849,pln054
fig-008850,trn095
fig-008851,chef001
fig-008852,ncklc003
fig-008853,trn084
fig-008854,wtr002
fig-008855,chef001
fig-008856,trn083
fig-008857,wtr002
fig-008858,ncklc003
fig-008859,trn084
fig-008860,jred017
fig-008861,cty0752
fig-008862,cty0751
fig-008863,jail005
fig-008864,cop055
fig-008865,cop054
fig-008866,hor028
fig-008867,zip036
fig-008868,zip035
fig-008869,zip032
fig-008870,zip033
fig-008871,zip034
fig-008872,ncklc013
fig-008873,pln141
fig-008874,pln098
fig-008875,pln142
fig-008876,pln140
fig-008877,pln143
fig-008878,zip046
fig-008879,twn113
fig-008880,twn115
fig-008881,pln166
fig-008882,post009
fig-008883,twn114
fig-008884,twn118
fig-008885,hgh010
fig-008886,hgh009
fig-008887,hor027
fig-008888,hor029
fig-008889,jred021
fig-008890,jred022
fig-008891,zip042
fig-008892,zip043
fig-008893,ovr029
fig-008894,post005
fig-008895,but038
fig-008896,but035
fig-008897,trn135
fig-008898,trn133
fig-008899,trn134
fig-008900,ver017
fig-008901,ver016
fig-008903,frnd0392
fig-008904,frnd0375
fig-008905,frnd0378
fig-008907,frnd0397
fig-008908,frnd0376
fig-008909,hp237
fig-008910,jw062
fig-008911,jw064
fig-008912,jw063
fig-008913,jw065
fig-008914,jw067
fig-008915,mar0029
fig-008917,jw068
fig-008918,jw066
fig-008919,sh0643
fig-008920,sh0637
fig-008921,sh0638
fig-008922,sh0640
fig-008923,dp097
fig-008924,dp096
fig-008926,hp224
fig-008927,hp233
fig-008928,hp216
fig-008929,hp215
fig-008930,hp217
fig-008931,hp238
fig-008933,hp239
fig-008935,hp240
fig-008936,hp213
fig-008937,hp214
fig-008938,hp209
fig-008939,hp212
fig-008940,hp219
fig-008941,hp218
fig-008942,hp210
fig-008943,hp211
fig-008944,hp234
fig-008945,hp236a
fig-008946,hp220
fig-008948,hp221
fig-008949,hp223
fig-008950,hp222
fig-008951,hp232
fig-008952,hp225
fig-008953,hp229
fig-008954,hp231
fig-008955,hp230
fig-008957,hp227
fig-008959,hp228
fig-008960,hp226
fig-008961,frnd0386
fig-008962,frnd0387
fig-008963,frnd0385
fig-008965,frnd0377
fig-008966,frnd0380
fig-008967,frnd0381
fig-008968,frnd0382
fig-008969,frnd0379
fig-008970,frnd0405
fig-008971,frnd0404
fig-008972,frnd0403
fig-008973,frnd0383
fig-008974,frnd0384
fig-008975,frnd0296
fig-008976,frnd0374
fig-008977,frnd0389
fig-008979,frnd0391
fig-008980,frnd0372
fig-008981,frnd0256
fig-008982,frnd0373
fig-008983,ver009
fig-008984,zip021
fig-008985,air013
fig-008986,hor001
fig-008987,ncklc002
fig-008988,trn011
fig-008989,ver014
fig-008990,ovr002
fig-008991,par013
fig-008992,ver007
fig-008993,jred009
fig-008994,hor012
fig-008995,hor010
fig-008996,but004
fig-008997,trn101
fig-008998,trn010
fig-008999,hor015
fig-009000,trn096
fig-009001,frnd0685
fig-009002,pln046
fig-009003,jred012
fig-009004,pln005
fig-009005,zip027
fig-009006,air003
fig-009007,twn022
fig-009008,pck022
fig-009009,jstr005
fig-009010,air018
fig-009011,air002
fig-009012,jbl004
fig-009013,pck015
fig-009014,pln048
fig-009015,air009
fig-009016,trn090
fig-009017,par048
fig-009018,par056
fig-009019,jbr001
fig-009020,air008
fig-009021,air007
fig-009022,air021
fig-009023,par047
fig-009024,air004
fig-009025,air001
fig-009026,hor013
fig-009027,ncklc007
fig-009028,ver011
fig-009029,trc004
fig-009030,trn091
fig-009031,par049
fig-009032,air011
fig-009033,air012
fig-009034,zip005
fig-009035,trn069
fig-009037,but003
fig-009038,zip012
fig-009039,zip011
fig-009040,pln043
fig-009041,jbr007
fig-009042,pck005
fig-009043,twn007
fig-009044,pln038
fig-009045,trn069
fig-009046,par050
fig-009047,pln080
fig-009048,jstr003
fig-009049,oct005
fig-009050,twn006
fig-009051,pln012
fig-009052,pck010
fig-009053,firec014
fig-009054,cop040
fig-009055,twn187
fig-009056,twn188
fig-009057,cty1074
fig-009059,njo0601
fig-009062,njo0602
fig-009064,njo0604
fig-009065,njo0603
fig-009067,njo0625
fig-009068,njo0605
fig-009069,njo0609
fig-009070,njo0608
fig-009071,njo0622
fig-009072,njo0621
fig-009073,njo0600
fig-009075,njo0599
fig-009076,njo0611
fig-009077,njo0607
fig-009078,njo0610
fig-009079,njo0613
fig-009081,njo0615
fig-009083,njo0616
fig-009085,njo0618
fig-009086,njo0617
fig-009088,njo0614
fig-009089,mar0030
fig-009090,njo0629
fig-009091,njo0630
fig-009093,sh0647
fig-009094,sh0648
fig-009096,SW1071
fig-009097,SW1070
fig-009098,sw0085a
fig-009099,sw0002b
fig-009101,sw0188a
fig-009102,frnd0731
fig-009103,sw0244a
fig-009104,gen036
fig-009105,gen037
fig-009106,twn132
fig-009107,edu022
fig-009108,edu021b
fig-009109,cas480
fig-009110,cas482b
fig-009111,cas478b
fig-009112,cas476b
fig-009113,edu020b
fig-009114,twn133b
fig-009115,twn134
fig-009116,cas484
fig-009117,cas479b
fig-009119,sw0234
fig-009120,rac011
fig-009121,rac010
fig-009122,firec012
fig-009123,air019
fig-009124,air020
fig-009125,twn023
fig-009126,doc027
fig-009127,doc019
fig-009128,firec022
fig-009129,firec021
fig-009130,inf002
fig-009131,ixs014
fig-009132,ixs011
fig-009133,ixs012
fig-009134,oct047
fig-009135,twn063
fig-009136,wc026
fig-009137,wc022
fig-009138,wc028
fig-009139,trn118
fig-009140,oct048
fig-009141,twn024
fig-009142,air055
fig-009143,cty0949
fig-009144,cty0950
fig-009145,cty0947
fig-009146,cty0948
fig-009147,con012
fig-009148,con011
fig-009149,twn231
fig-009150,twn232
fig-009151,cas539
fig-009152,cas540
fig-009153,cas541
fig-009154,con009
fig-009155,con010
fig-009156,twn229
fig-009157,twn228
fig-009158,cty0128
fig-009159,twn048
fig-009160,cty0129
fig-009161,cty0130
fig-009162,twn291
fig-009163,twn292
fig-009164,twn295
fig-009165,twn289
fig-009166,twn293
fig-009167,twn294
fig-009168,twn290
fig-009169,trn146
fig-009170,pln158
fig-009171,trn144
fig-009172,twn208
fig-009173,twn198
fig-009174,twn199
fig-009175,twn207
fig-009176,twn206
fig-009177,twn203
fig-009178,twn205
fig-009179,twn204
fig-009180,twn200
fig-009181,twn201
fig-009182,twn202
fig-009183,twn209
fig-009184,twn244
fig-009185,twn242
fig-009186,twn245
fig-009187,twn236
fig-009188,twn237
fig-009189,twn238
fig-009190,twn241
fig-009191,twn243
fig-009192,twn240
fig-009193,twn239
fig-009194,twn080
fig-009195,twn088
fig-009196,twn086
fig-009197,twn081
fig-009198,twn083
fig-009199,twn084
fig-009200,twn085
fig-009201,twn087
fig-009202,twn082
fig-009203,twn373
fig-009204,twn374
fig-009205,trn234
fig-009206,cty0354
fig-009207,cty0352
fig-009208,cty0355
fig-009209,trn233
fig-009210,cty0353
fig-009211,trn149
fig-009212,trn150
fig-009213,trn151
fig-009214,twn325
fig-009215,twn324
fig-009216,twn327
fig-009217,twn328
fig-009218,twn322
fig-009219,twn323
fig-009220,twn318
fig-009221,twn319
fig-009222,twn321
fig-009223,twn320
fig-009224,twn326
fig-009225,sp120
fig-009226,sp121
fig-009227,sp122
fig-009228,sp123
fig-009229,sp124
fig-009230,twn367
fig-009231,twn365
fig-009232,twn366
fig-009233,hol076
fig-009234,hol075
fig-009235,hol077
fig-009236,hol078
fig-009237,hol079
fig-009238,soc173
fig-009239,soc172
fig-009240,soc174
fig-009241,twn394
fig-009242,twn393
fig-009243,twn391
fig-009244,twn392
fig-009245,twn389
fig-009246,twn390
fig-009247,twn388
fig-009248,gen147
fig-009249,cas256
fig-009250,cas274
fig-009251,cas277
fig-009252,cas278
fig-009253,cas275
fig-009254,cas283
fig-009255,cas259
fig-009256,cas261
fig-009257,cas258
fig-009258,cas257
fig-009259,twn226
fig-009260,twn225
fig-009261,twn284
fig-009262,twn285
fig-009263,twn211
fig-009264,twn213
fig-009265,twn212
fig-009266,twn397
fig-009267,twn399
fig-009268,twn398
fig-009269,twn247
fig-009270,twn246
fig-009271,twn253
fig-009272,twn254
fig-009273,twn336
fig-009274,twn335
fig-009275,twn337
fig-009276,cty0584
fig-009277,trn238
fig-009278,trn239
fig-009279,cty0555
fig-009280,cty0502
fig-009281,cty0506
fig-009282,cty0505
fig-009283,cty0503
fig-009284,cty0504
fig-009285,cty0500
fig-009286,trn235
fig-009287,trn236
fig-009288,cty0499
fig-009289,cty0511
fig-009290,trn237
fig-009291,cty0510
fig-009292,cty0268
fig-009293,cty0269
fig-009294,cty0315
fig-009295,oct069
fig-009296,cty0314
fig-009297,cty0316
fig-009298,cty0313
fig-009299,cty0293
fig-009300,cty0294
fig-009301,cty0292
fig-009302,cty0178
fig-009303,cty0177
fig-009304,cty0039
fig-009305,pln174
fig-009306,crs006
fig-009307,twn376a
fig-009308,twn377
fig-009309,twn378
fig-009310,pln168
fig-009311,twn255
fig-009312,cty0239
fig-009313,twn262
fig-009314,twn263
fig-009315,pln167
fig-009316,twn333
fig-009317,twn334
fig-009318,twn302
fig-009319,twn298
fig-009320,twn301
fig-009321,twn300
fig-009322,twn299
fig-009323,twn296
fig-009324,twn297
fig-009325,twn305
fig-009326,cty0819
fig-009327,twn339
fig-009328,twn340
fig-009329,twn338
fig-009330,twn317
fig-009331,twn316
fig-009332,twn380
fig-009333,twn379
fig-009334,twn372
fig-009335,twn371
fig-009336,twn277
fig-009337,twn276
fig-009338,twn329
fig-009339,twn331
fig-009340,twn332
fig-009341,twn330
fig-009342,twn362
fig-009343,twn363
fig-009344,twn186
fig-009345,twn185
fig-009346,twn315
fig-009347,twn314
fig-009348,twn370
fig-009349,twn368
fig-009350,twn369
fig-009351,twn224
fig-009352,twn217
fig-009353,pln173
fig-009354,twn267
fig-009355,twn266
fig-009356,twn375
fig-009357,twn261
fig-009358,twn260
fig-009359,cty0215
fig-009360,twn215
fig-009361,twn214
fig-009362,twn127
fig-009363,twn126
fig-009364,twn098
fig-009365,twn099
fig-009366,pln109
fig-009367,par059
fig-009368,twn064
fig-009369,twn259
fig-009370,twn258
fig-009371,chef013
fig-009372,twn029
fig-009373,cty0295
fig-009374,cty0161
fig-009375,cty0160
fig-009376,twn184
fig-009377,twn182
fig-009378,twn183
fig-009379,twn142
fig-009380,cty0248
fig-009381,trn147
fig-009382,twn089
fig-009383,twn171
fig-009384,twn172
fig-009385,cty0281
fig-009386,cty0275
fig-009387,cas271
fig-009389,cas258a
fig-009390,cas273
fig-009391,sh0662
fig-009392,sh0659
fig-009393,sh0660
fig-009394,sh0658
fig-009395,sh0589
fig-009396,sh0661
fig-009397,sh0641
fig-009398,sh0646
fig-009399,cty0556
fig-009400,cty0186
fig-009401,cty0187
fig-009402,cty0191
fig-009403,cty0188
fig-009404,cty0189
fig-009405,cty0190
fig-009406,cty0046
fig-009407,cty0185
fig-009408,cty0184
fig-009409,ovr039
fig-009410,ovr038
fig-009411,cty0150
fig-009412,cty0152
fig-009413,cty0151
fig-009414,cty0141
fig-009415,cty0140
fig-009416,cty0139
fig-009417,cty0142
fig-009418,chef019
fig-009419,ovr037
fig-009420,cty0146
fig-009421,cty0147
fig-009422,cty0145
fig-009423,cty0838
fig-009424,cty0839
fig-009425,cty0787
fig-009426,cty0782
fig-009427,cty0785
fig-009428,cty0783
fig-009429,cty0786
fig-009430,cty0784
fig-009431,cty0711
fig-009432,cty0710
fig-009433,cty0576
fig-009434,chef023
fig-009435,cty0580
fig-009436,cty0581
fig-009437,cty0582
fig-009438,cty0583
fig-009439,cty0573
fig-009440,cty0577
fig-009441,trn115a
fig-009442,cty0575
fig-009443,cty0579
fig-009444,cty0578
fig-009445,cty0574
fig-009446,cty0572
fig-009447,chef019a
fig-009448,ovr037a
fig-009449,cty0400
fig-009450,cty0395
fig-009451,chef021
fig-009452,cty0397
fig-009453,cty0399
fig-009454,cty0398
fig-009455,cty0396
fig-009456,cty1109
fig-009457,cty1110
fig-009458,doc026
fig-009459,twn031
fig-009460,chef014
fig-009461,trn121
fig-009462,pln134
fig-009463,cty0037
fig-009466,edu003
fig-009467,edu004
fig-009468,doc031
fig-009469,jred020
fig-009470,zip041
fig-009471,zip040
fig-009472,pln098
fig-009473,pln090
fig-009474,but036
fig-009475,but037
fig-009476,cas544
fig-009477,cty0727
fig-009478,cas543
fig-009479,sp126
fig-009480,hol085
fig-009481,hol086
fig-009482,edu023
fig-009483,twn282
fig-009484,cas548
fig-009485,cas547
fig-009486,cas549
fig-009487,twn283
fig-009488,hol283
fig-009489,cas545
fig-009490,edu001
fig-009491,edu002
fig-009492,oct052
fig-009493,twn039
fig-009494,oct046
fig-009495,par060
fig-009496,twn062
fig-009497,edu008
fig-009498,edu007
fig-009499,edu005
fig-009500,fst024
fig-009501,fst032
fig-009502,fst009
fig-009503,fst010
fig-009504,fst003
fig-009505,fst004
fig-009506,fst005
fig-009507,fst006
fig-009508,fst007
fig-009509,fst008
fig-009510,fst014
fig-009511,fst012
fig-009512,fst013
fig-009513,fst011
fig-009514,fst017
fig-009515,fst018
fig-009516,fst016
fig-009517,fst020
fig-009518,fst019
fig-009519,fst027
fig-009520,fst026
fig-009521,fst029
fig-009522,fst028
fig-009523,fst030
fig-009524,fst031
fig-009525,fst022
fig-009526,fst021
fig-009527,cas350
fig-009528,cas330
fig-009529,cas352
fig-009530,cas332
fig-009531,cas351
fig-009532,cas353
fig-009533,crs016
fig-009534,cty0042
fig-009535,rac034
fig-009536,pi094
fig-009537,gen055
fig-009538,cas434
fig-009539,cty0320
fig-009540,cty0321
fig-009541,cty0675
fig-009542,cty0672
fig-009543,cty0673
fig-009544,cty0674
fig-009545,oct060
fig-009546,twn060
fig-009547,cty0060
fig-009548,cty0624
fig-009549,cty0625
fig-009550,cty0144
fig-009551,cty0143
fig-009552,cty0261
fig-009553,cty0262
fig-009554,cty0547
fig-009555,cty0544
fig-009557,cty0370
fig-009558,cty0389a
fig-009559,cty0611
fig-009560,rac057
fig-009561,rac058
fig-009562,cty0729
fig-009563,cty0728
fig-009564,cty0944
fig-009565,cty0934
fig-009566,cty0935
fig-009567,cty0933
fig-009568,cty0938
fig-009569,cty0937
fig-009570,cty0941
fig-009571,cty0932
fig-009572,cty0936
fig-009573,cty0940
fig-009574,cty0943
fig-009575,cty0939
fig-009576,cty0942
fig-009577,sh0651
fig-009579,sh0650
fig-009580,sh0644
fig-009581,sh0639
fig-009582,sh0645
fig-009583,cty0958
fig-009584,cty0959
fig-009585,cty0713
fig-009586,cty0714
fig-009587,cty0623
fig-009588,cty0622
fig-009589,cty0543
fig-009590,cty0542
fig-009591,cty0250
fig-009592,cty0249
fig-009593,boat009
fig-009594,ovr027
fig-009595,boat011
fig-009596,ovr030
fig-009597,boat012
fig-009598,cty0246
fig-009599,cty0245
fig-009600,cty0247
fig-009601,cty0235
fig-009602,cty0236
fig-009603,cty0233
fig-009604,cty0234
fig-009605,cty0237
fig-009606,oct065
fig-009607,oct064
fig-009608,cty0232
fig-009609,cty0229
fig-009610,air041
fig-009611,air040
fig-009612,cty0171
fig-009613,cty0170
fig-009614,cty0134
fig-009615,cty0133
fig-009616,cty0135
fig-009617,twn076
fig-009618,twn075
fig-009619,cty0984
fig-009620,cty0985
fig-009621,air032
fig-009622,air033
fig-009623,air023
fig-009624,air022
fig-009625,twn027
fig-009626,air048
fig-009627,twn136
fig-009628,twn050
fig-009629,twn051
fig-009630,twn165
fig-009631,twn164
fig-009632,air042
fig-009633,twn052
fig-009634,cty0169
fig-009635,cty0172
fig-009636,air045
fig-009637,twn107
fig-009638,air043
fig-009639,cty0168
fig-009640,twn053
fig-009641,cty0403
fig-009642,cty0420
fig-009643,cty0421
fig-009644,cty0422
fig-009645,cty0419
fig-009646,cty0405
fig-009647,cty0404
fig-009648,air034
fig-009649,air035
fig-009650,cty0083
fig-009651,cty0084
fig-009652,cty1182
fig-009653,cty1183
fig-009654,cty1184
fig-009655,cty1186
fig-009656,cty1185
fig-009657,cty1188
fig-009658,cty1187
fig-009659,cty1189
fig-009660,cty1190
fig-009661,cty1194
fig-009662,cty1193
fig-009663,cty1192
fig-009664,cty1195
fig-009665,cty1196
fig-009666,air049
fig-009667,cty0705
fig-009668,cty0706
fig-009669,cty0707
fig-009670,cty0704
fig-009671,air050
fig-009672,air052
fig-009673,air051
fig-009674,air053
fig-009675,air054
fig-009676,cty0689
fig-009677,cty0688
fig-009678,cty0691
fig-009679,cty0692
fig-009680,cty0678
fig-009681,cty0677
fig-009682,cty0679
fig-009683,cty0676
fig-009684,cty0470
fig-009685,cty0874
fig-009686,twn111
fig-009687,twn110
fig-009688,twn112
fig-009690,sh0642
fig-009691,cty0221
fig-009692,cty0567
fig-009693,cty0568
fig-009694,cty0557
fig-009695,cty0600
fig-009696,twn135
fig-009697,cty0227
fig-009698,cty0226
fig-009699,cty0225
fig-009700,cty0224
fig-009701,cty0461
fig-009702,cty0460
fig-009703,cty1094
fig-009704,cty1102
fig-009705,cty1103
fig-009706,cty1104
fig-009707,cty1100
fig-009708,cty1095
fig-009709,cty1101
fig-009710,cty1099
fig-009711,cty1098
fig-009712,cty1096
fig-009713,cty1097
fig-009714,cty1107
fig-009715,cty0983
fig-009716,cty0749
fig-009717,cty0750
fig-009718,cty0389
fig-009719,cty0390
fig-009720,cty0391
fig-009721,cty1116
fig-009722,cty1119
fig-009723,cty1118
fig-009724,cty1117
fig-009725,cty0686
fig-009726,cty0697
fig-009727,cty0681
fig-009728,cty0687
fig-009729,cty0690
fig-009730,cty0740
fig-009731,cty0693
fig-009732,cty0694
fig-009733,cty0695
fig-009734,cty0680
fig-009735,cty1173
fig-009736,cty1164
fig-009737,cty1166
fig-009738,cty1165
fig-009739,cty1167
fig-009740,cty1168
fig-009741,cty1172
fig-009742,cty1170
fig-009743,cty1169
fig-009744,cty1171
fig-009745,cty1163
fig-009746,cty0602
fig-009747,cty0605
fig-009748,cty0603
fig-009749,cty0604
fig-009750,cty0560
fig-009751,cty0597
fig-009752,cty0566
fig-009753,cty0598
fig-009754,cty0599
fig-009755,cty0558
fig-009756,cty0559
fig-009757,cty0565
fig-009758,cty1174
fig-009759,cty1175
fig-009760,cty1176
fig-009761,cty1177
fig-009762,cty1178
fig-009763,cty1179
fig-009764,cty1180
fig-009765,cty1181
fig-009766,cty0385
fig-009767,cty0387
fig-009768,cty0386
fig-009769,cty0473
fig-009770,cty0472
fig-009771,cty0468
fig-009772,cty0469
fig-009773,cty0467
fig-009774,cty0466
fig-009775,cty0570
fig-009776,cty0571
fig-009777,cty0569
fig-009778,cty0657
fig-009779,cty0662
fig-009780,cty0656
fig-009781,cty0658
fig-009782,cty0661
fig-009783,cty0664
fig-009784,cty0663
fig-009785,cty0665
fig-009786,cty0655
fig-009787,cty0659
fig-009788,cty0660
fig-009789,cty0667
fig-009790,cty0654
fig-009791,cty0666
fig-009792,cty1015
fig-009793,cty1023
fig-009794,cty1017
fig-009795,cty1013
fig-009796,cty1020
fig-009797,cty1014
fig-009798,cty1019
fig-009799,cty1025
fig-009800,cty1024
fig-009801,cty1026
fig-009802,cty1018
fig-009803,cty1016
fig-009804,cty1021
fig-009805,cty1022
fig-009806,cty0609
fig-009807,cty0610
fig-009808,cty0731
fig-009809,cty0730
fig-009810,cty0765
fig-009811,cty0769
fig-009812,cty0760
fig-009813,cty0771
fig-009814,cty0770
fig-009815,cty0767
fig-009816,cty0761
fig-009817,cty0766
fig-009818,cty0762
fig-009819,cty0763
fig-009820,cty0759
fig-009821,cty0764
fig-009822,cty0768
fig-009823,cty0758
fig-009824,cty0757
fig-009825,cty0991
fig-009826,cty0990
fig-009827,cty1081
fig-009828,cty1082
fig-009829,cty1084
fig-009830,cty1083
fig-009831,cty1086
fig-009832,cty1087
fig-009833,cty1088
fig-009834,cty1079
fig-009835,cty1078
fig-009836,cty0845
fig-009837,cty0844
fig-009838,cty0843
fig-009839,cty0918
fig-009840,cty0916
fig-009841,cty0917
fig-009842,cty0913
fig-009843,cty0914
fig-009844,cty0921
fig-009845,cty0920
fig-009846,cty0909
fig-009847,cty0907
fig-009848,cty0908
fig-009849,cty0910
fig-009850,cty0919
fig-009851,cty0915
fig-009852,cty0912
fig-009853,cty0911
fig-009854,cty0957
fig-009855,cty0956
fig-009856,cty1111
fig-009857,cty1112
fig-009858,cty1139
fig-009859,cty1138
fig-009860,cty1049
fig-009861,cty1048
fig-009862,cty1046
fig-009863,cty1044
fig-009864,cty1045
fig-009865,cty1043
fig-009866,cty1047
fig-009867,cty1050
fig-009868,cty1075
fig-009869,cty1072
fig-009870,cty1073
fig-009871,hs067
fig-009872,hs065
fig-009873,hs066
fig-009874,hs074
fig-009875,hs072
fig-009876,hs071
fig-009877,hs070
fig-009878,hs061
fig-009879,hs063
fig-009880,hs062
fig-009881,hs069
fig-009882,hs075
fig-009883,hs058
fig-009884,hs060
fig-009885,cas510
fig-009886,cas507
fig-009887,cas508
fig-009888,cas493
fig-009889,cas512
fig-009890,cas511
fig-009891,cas504
fig-009892,cas514
fig-009893,cas513
fig-009894,cas376
fig-009895,cas388
fig-009896,cas383
fig-009897,cas386
fig-009898,cas387
fig-009899,cas391
fig-009900,cas354
fig-009901,cas389
fig-009902,cas394
fig-009903,cas393
fig-009904,cas390
fig-009905,cas395
fig-009906,cas392
fig-009907,cas331
fig-009908,cas359
fig-009909,cas398
fig-009910,cas399
fig-009911,cas400
fig-009912,cas401
fig-009913,cas432
fig-009914,cas431
fig-009915,cas429
fig-009916,cas430
fig-009917,cas433
fig-009918,cas423
fig-009919,cas424
fig-009920,cas422
fig-009921,cas418
fig-009922,cas362
fig-009923,cas419
fig-009924,cas420
fig-009925,cas421
fig-009926,cas365
fig-009927,cas361
fig-009928,cas344
fig-009929,cas360
fig-009930,cas343
fig-009931,cas334
fig-009932,cas329
fig-009933,cas340
fig-009934,cas338
fig-009935,cas336
fig-009936,cas337
fig-009937,cas378
fig-009938,cas403a
fig-009939,cas415
fig-009940,cas416
fig-009941,cas417
fig-009942,cas426
fig-009943,cas425
fig-009944,cas375
fig-009945,cas377
fig-009946,cas369
fig-009947,cas371
fig-009948,cas370
fig-009949,cas373
fig-009950,cas364
fig-009951,cas367
fig-009952,cas366
fig-009953,cas374
fig-009954,cas355
fig-009955,cas356
fig-009956,cas357
fig-009957,cas346
fig-009958,cas348
fig-009959,cas347
fig-009960,cas349
fig-009961,cas335
fig-009962,cas408
fig-009963,cas427
fig-009964,cas428
fig-009965,cas382
fig-009966,cas381
fig-009967,cas379
fig-009968,cas380
fig-009969,hol194
fig-009970,hol189
fig-009971,hol183
fig-009972,hol184
fig-009973,hol190
fig-009974,hol187
fig-009975,hol185
fig-009976,hol192
fig-009977,hol195
fig-009978,hol186
fig-009979,hol191
fig-009980,hol193
fig-009981,hol188
fig-009982,hol180
fig-009983,hol181
fig-009984,hol179
fig-009985,hol178
fig-009986,hol175
fig-009987,hol174
fig-009988,hol176
fig-009989,hol177
fig-009990,hol137
fig-009991,hol136
fig-009992,hol134
fig-009993,hol133
fig-009994,hol135
fig-009995,hol139
fig-009996,hol142
fig-009997,hol140
fig-009998,hol141
fig-009999,hol138
fig-010000,hol143
fig-010001,hol152
fig-010002,HOL145
fig-010003,HOL146
fig-010004,HOL147
fig-010005,hol148
fig-010006,hol149
fig-010007,hol151
fig-010008,hol159
fig-010009,hol158
fig-010010,hol154
fig-010011,hol156
fig-010012,hol157
fig-010013,hol153
fig-010014,hol155
fig-010015,hol150
fig-010016,twn143
fig-010017,twn144
fig-010019,hol239
fig-010020,hol241
fig-010023,hol114
fig-010024,hol113
fig-010025,twn257
fig-010026,twn256
fig-010029,gen078
fig-010030,gen077
fig-010031,gen084
fig-010032,gen083
fig-010033,gen079
fig-010034,gen080
fig-010035,gen082
fig-010036,gen081
fig-010037,col373
fig-010042,twn197
fig-010043,twn196
fig-010044,twn195
fig-010045,cas293
fig-010046,cas295
fig-010047,cas296
fig-010048,cas294
fig-010049,cas300
fig-010050,cas299
fig-010051,cas290
fig-010052,cas313
fig-010053,cas312
fig-010054,cas311
fig-010055,cas310
fig-010056,cas263
fig-010057,cas264
fig-010058,cas535
fig-010059,cas521
fig-010060,cas516
fig-010061,frnd0732
fig-010062,cas524
fig-010063,cas525
fig-010064,cas528
fig-010066,cas486
fig-010067,cas502
fig-010068,cas501
fig-010069,cas500
fig-010070,cas504
fig-010071,cas505
fig-010072,cas499
fig-010073,cas506
fig-010074,cas463
fig-010075,cas466
fig-010076,cas465
fig-010077,cas464
fig-010078,cas462
fig-010079,cas448
fig-010080,cas460
fig-010081,cas444
fig-010082,cas459
fig-010083,cas453
fig-010084,cas439
fig-010085,cas440
fig-010086,cas438
fig-010087,cas447
fig-010088,cas449
fig-010089,cas455
fig-010090,cas458
fig-010091,cas450
fig-010092,cas454
fig-010093,cas443
fig-010094,cas456
fig-010095,cas457
fig-010096,cas452
fig-010097,cas441
fig-010098,cas445
fig-010099,cas451
fig-010100,cas488
fig-010101,cas487
fig-010102,cas485
fig-010103,cas498
fig-010104,cas494
fig-010105,cas497
fig-010106,cas496
fig-010107,cas495
fig-010108,cas529
fig-010109,cas530
fig-010110,cas531
fig-010111,cas527
fig-010112,cas532
fig-010113,cas536
fig-010114,cas537
fig-010115,cas526
fig-010116,cas523
fig-010117,cas522
fig-010118,cas520
fig-010119,cas517
fig-010120,cas518a
fig-010121,pi185
fig-010122,pi186
fig-010123,pi187
fig-010124,twn400
fig-010125,doc016new
fig-010126,pi006new
fig-010127,sp001new2
fig-010130,twn395
fig-010131,twn396
fig-010132,tls022
fig-010133,tls024
fig-010134,tls023
fig-010135,tls033
fig-010136,tls031
fig-010137,tls032
fig-010138,tls091
fig-010139,tls090
fig-010140,tls089
fig-010141,tls074
fig-010142,tls075
fig-010143,tls076
fig-010144,tls080
fig-010145,tls081
fig-010146,tls082
fig-010147,tls049
fig-010148,tls050
fig-010149,tls051
fig-010150,tls078
fig-010151,tls079
fig-010152,tls077
fig-010153,tls072
fig-010154,tls071
fig-010155,tls020
fig-010156,tls021
fig-010157,tls019
fig-010158,tls014
fig-010159,tls015
fig-010160,tls013
fig-010161,tls066
fig-010162,tls064
fig-010163,tls065
fig-010164,tls026
fig-010165,tls027
fig-010166,tls025
fig-010167,tls073
fig-010168,tls045
fig-010169,tls044
fig-010170,tls043
fig-010171,tls054
fig-010172,tls052
fig-010173,tls053
fig-010174,tls057
fig-010175,tls056
fig-010176,tls055
fig-010177,tls017
fig-010178,tls018
fig-010179,tls016
fig-010180,tls069
fig-010181,tls068
fig-010182,tls067
fig-010183,tls070
fig-010184,tls036
fig-010185,tls035
fig-010186,tls034
fig-010187,tls059
fig-010188,tls058
fig-010189,tls060
fig-010190,tls029
fig-010191,tls030
fig-010192,tls028
fig-010193,tls083
fig-010194,tls085
fig-010195,tls084
fig-010196,tls042
fig-010197,tls040
fig-010198,tls041
fig-010201,hp235
fig-010202,min082
fig-010203,hol201
fig-010204,hol200
fig-010205,hol199
fig-010206,gen142
fig-010207,gen145
fig-010208,gen146
fig-010209,gen144
fig-010210,gen143
fig-010211,tls005
fig-010212,tls004
fig-010213,tls006
fig-010217,tls010
fig-010218,tls011
fig-010219,tls012
fig-010220,tls061
fig-010221,tls062
fig-010222,tls063
fig-010223,tls009
fig-010224,tls008
fig-010225,tls007
fig-010226,tls116
fig-010227,tls117
fig-010228,tls115
fig-010232,tls122
fig-010241,njo0612
fig-010243,njo0620
fig-010244,njo0619
fig-010245,tls038
fig-010246,tls039
fig-010247,tls037
fig-010248,hp241
fig-010249,sh0668
fig-010250,sh0665
fig-010251,sh0652
fig-010252,sh0655
fig-010253,sh0654
fig-010254,cty0092
fig-010255,trn254
fig-010256,trn253
fig-010257,hs064
fig-010258,frnd0733
fig-010259,min085
fig-010260,min086
fig-010261,min083
fig-010262,min084
fig-010263,sh0663
fig-010264,cty1191
fig-010265,tygurah
fig-010266,cty1160
fig-010267,bob027
fig-010268,bob024
fig-010269,hs068
fig-010270,mk022
fig-010271,mk025
fig-010272,mk026
fig-010273,mk023
fig-010274,mk024
fig-010275,mk027
fig-010278,sh0666
fig-010279,sh0667
fig-010280,cty1199
fig-010281,cty1198
fig-010282,cty1197
fig-010283,hol208
fig-010284,hol207
fig-010285,cty1201
fig-010286,cty1202
fig-010287,cty1204
fig-010288,cty1203
fig-010289,cty1205
fig-010290,cty1206
fig-010291,sw1094
fig-010292,sw1093
fig-010293,sw1095
fig-010294,sw1096
fig-010295,sw1097
fig-010296,sw1099
fig-010297,sw1098
fig-010298,njo0627
fig-010299,sw1101
fig-010301,sw1106
fig-010302,sw1107
fig-010304,sw1112
fig-010305,sw1109
fig-010306,sw1108
fig-010307,sw1110
fig-010308,sw1111
fig-010310,sw1100
fig-010311,90398pb004c01
fig-010312,njo0624
fig-010313,pln154
fig-010314,sh0217a
fig-010315,frnd0390
fig-010316,frnd0051
fig-010318,frnd0174
fig-010319,frnd0175
fig-010320,frnd0701
fig-010322,frnd0255
fig-010323,frnd0249
fig-010324,frnd0282
fig-010326,frnd0281
fig-010327,frnd0283
fig-010328,frnd0172
fig-010329,frnd0173
fig-010331,frnd0200
fig-010332,frnd0201
fig-010333,frnd0259
fig-010335,frnd0263
fig-010336,frnd0231
fig-010337,frnd0300
fig-010338,frnd0306
fig-010339,frnd0345
fig-010340,frnd0367
fig-010341,frnd0332
fig-010342,frnd0388
fig-010344,frnd0307
fig-010345,frnd0311
fig-010346,frnd0317
fig-010347,frnd0319
fig-010348,frnd0320
fig-010349,frnd0325
fig-010350,frnd0339
fig-010351,frnd0340
fig-010352,frnd0341
fig-010353,uni02
fig-010355,frnd0190
fig-010356,frnd0101
fig-010357,frnd0702
fig-010358,twn292a
fig-010359,frnd0703
fig-010360,twn252a
fig-010361,frnd0705
fig-010362,frnd0706
fig-010363,frnd0707
fig-010364,tlm075
fig-010365,frnd0709
fig-010366,tlm081
fig-010367,tlm088
fig-010368,tlm089
fig-010369,llp019
fig-010370,LLP020
fig-010371,LLP018
fig-010372,LLP017
fig-010373,frnd0708
fig-010374,ncklc013
fig-010375,trn008
fig-010376,ovr034
fig-010377,pln145
fig-010378,but039
fig-010379,but040
fig-010380,cas050new
fig-010381,frnd0710
fig-010382,hol198
fig-010383,par017a
fig-010385,sw1102
fig-010386,sw1103
fig-010387,sw1105
fig-010388,sw1104
fig-010389,twt025
fig-010390,twt022
fig-010391,twt023
fig-010392,twt024
fig-010393,twt026
fig-010394,par009a
fig-010395,par016a
fig-010396,sh0664
fig-010397,hp242
fig-010398,cty0154
fig-010399,twn153
fig-010400,hol209
fig-010401,hol210
fig-010402,sh0129
fig-010403,njo0181
fig-010404,njo0454
fig-010405,sp070
fig-010406,sp071
fig-010407,sp072
fig-010408,sp073
fig-010409,sp074
fig-010410,sp075
fig-010411,sp075new
fig-010412,sp076
fig-010413,sp077
fig-010414,sp078
fig-010415,sp079
fig-010416,sp080
fig-010417,sp081
fig-010418,sp082
fig-010419,sp083
fig-010420,sp084
fig-010421,sp108
fig-010422,sp125
fig-010423,sp127
fig-010424,sp128
fig-010425,sp129
fig-010426,sp053b
fig-010427,sp059a
fig-010428,splc007
fig-010429,sw0029a
fig-010430,sw0066
fig-010431,sw0037
fig-010432,sw0039
fig-010433,sw0064
fig-010434,sw0073
fig-010435,sw0073a
fig-010436,sw0074
fig-010437,sw0136
fig-010438,sw0136
fig-010439,sw0144
fig-010440,sw0146
fig-010441,sw0147
fig-010442,sw0156
fig-010443,sw0527a
fig-010444,sw0156a
fig-010445,sw0161
fig-010446,sw0171
fig-010447,sw0199
fig-010448,sw0211
fig-010449,crs017
fig-010450,sw0270
fig-010451,sw0311
fig-010452,sw0412
fig-010453,sw0429
fig-010454,sw0430
fig-010455,sw0459
fig-010456,sw0516
fig-010457,sw0533
fig-010458,sw0550
fig-010459,sw0562
fig-010460,sw0587
fig-010461,sw0588
fig-010462,sw0589
fig-010463,sw0652
fig-010464,sw0679
fig-010465,sw0681
fig-010466,sw0682
fig-010467,sw0712
fig-010468,sw0712a
fig-010469,sw0767
fig-010470,sw0776
fig-010471,sw0799
fig-010472,sw0836
fig-010473,sw0838
fig-010474,sw0847
fig-010475,sw0847a
fig-010476,sw0873
fig-010477,sw0930
fig-010478,sw0959
fig-010479,sw0983
fig-010480,sw0998
fig-010481,sw1004
fig-010482,sw1017
fig-010483,sw1040
fig-010484,sw1041
fig-010485,sw1042
fig-010486,tech001a
fig-010487,tech001b
fig-010488,tech012a
fig-010489,tech019a
fig-010490,tech021b
fig-010491,tech021a
fig-010492,tech023a
fig-010493,tech027a
fig-010494,tech040a
fig-010495,tech032a
fig-010496,tech033a
fig-010497,tech034a
fig-010498,tech035a
fig-010499,tech036a
fig-010500,tech037a
fig-010501,tech038a
fig-010502,tech038b
fig-010503,tech039a
fig-010504,tech031a
fig-010505,njo0628
fig-010506,hp248
fig-010507,hp253
fig-010508,hp247
fig-010509,hp250
fig-010510,hp243
fig-010511,hp251
fig-010512,hp252
fig-010513,hp249
fig-010514,hp254
fig-010515,hp255
fig-010516,hp245
fig-010517,hp246
fig-010518,hp244
fig-010519,hp258
fig-010520,hp257
fig-010522,frnd0386
fig-010524,frnd0408
fig-010525,sw1113
fig-010527,sw1116
fig-010528,sw1114
fig-010529,sw1115
fig-010530,hp256
fig-010532,frnd0398
fig-010533,frnd0402
fig-010534,frnd0407
fig-010535,dp105
fig-010536,dp106
fig-010538,dp103
fig-010539,dp104
fig-010540,rac030
fig-010541,frnd0401
fig-010542,frnd0400
fig-010543,frnd0399
fig-010545,sw1117
fig-010547,sw1121
fig-010548,cty1207
fig-010549,cty1208
fig-010550,cty1209
fig-010551,ang020
fig-010552,ang019
fig-010553,ang018
fig-010554,ang014
fig-010555,hp259
fig-010556,hp260
fig-010557,hp261
fig-010558,rac027
fig-010559,cty1219
fig-010560,cty1211
fig-010561,cty1210
fig-010562,cty1222
fig-010563,cty1220
fig-010564,cty1221
fig-010565,cty1214
fig-010566,cty1215
fig-010568,colhp24
fig-010569,cty1216
fig-010570,cty1217
fig-010571,colhp34
fig-010572,cty1218
fig-010574,colhp32
fig-010575,colhp33
fig-010576,cty1212
fig-010577,colhp28
fig-010578,cty1213
fig-010579,colhp31
fig-010582,colhp23
fig-010583,colhp25
fig-010584,colhp30
fig-010585,colhp35
fig-010586,colhp29
fig-010588,colhp27
fig-010589,colhp36
fig-010591,colhp38
fig-010592,colhp37
fig-010593,colhp26
fig-010594,frnd0393
fig-010595,frnd0394
fig-010596,frnd0395
fig-010597,frnd0396
fig-010598,frnd0690
fig-010600,agt020a
fig-010601,frnd0688
fig-010602,coluni01
fig-010603,coluni02
fig-010604,coluni03
fig-010605,coluni04
fig-010606,coluni05
fig-010607,coluni06
fig-010608,coluni07
fig-010609,coluni08
fig-010610,coluni09
fig-010611,coluni10
fig-010612,coluni11
fig-010613,coluni12
fig-010614,air029
fig-010615,air030
fig-010616,cty0035
fig-010617,cop048
fig-010618,dim010
fig-010619,ww026
fig-010620,cas324
fig-010621,cas385
fig-010622,col037a
fig-010623,col038a
fig-010624,dp001
fig-010625,dp026
fig-010626,dp028
fig-010627,dp031
fig-010629,dp035
fig-010630,gen103
fig-010631,twt010
fig-010632,old035
fig-010633,cty0132
fig-010634,cty0303
fig-010635,cty1200
fig-010636,dp102
fig-010637,dp078
fig-010638,dp068
fig-010639,dp053
fig-010640,mk006
fig-010642,njo0623
fig-010644,njo0606
fig-010645,njo0626
fig-010646,oct063
fig-010647,par055
fig-010648,pck024
fig-010649,pln147
fig-010650,pln146
fig-010651,pln155
fig-010652,pln157a
fig-010653,pln156
fig-010654,pln169
fig-010655,pln170
fig-010656,sh0113
fig-010657,soc099
fig-010658,sw0904
fig-010659,sw1118
fig-010660,sw1119
fig-010661,tlm177
fig-010662,trn004
fig-010663,trn080
fig-010664,trn081
fig-010665,twn036
fig-010667,frnd0406
fig-010668,njo0631
fig-010669,hol203
fig-010670,hol204
fig-010671,hol205
fig-010672,hol206
fig-010673,sw1125
fig-010674,sw1126
fig-010675,sw1127
fig-010676,sw1128
fig-010677,sw1129
fig-010678,sw1130
fig-010679,mar0033
fig-010680,sw1132
fig-010681,sw1124
fig-010682,mar0034
fig-010683,mar0035
fig-010684,sw1131
fig-010685,sh0677
fig-010686,hol211
fig-010687,hol213
fig-010688,hol212
fig-010689,sh0675
fig-010690,sh0674
fig-010691,sh0676
fig-010692,sp130
fig-010693,pln063
fig-010697,sw1198
fig-010698,doc025
fig-010699,cty0036
fig-010700,oct050
fig-010701,oct051
fig-010702,ovr025
fig-010703,ovr024
fig-010704,twn032
fig-010705,cop048
fig-010706,cop050
fig-010707,cop049
fig-010708,cty0028
fig-010709,twn030
fig-010710,cty0038
fig-010711,par058
fig-010712,twn061
fig-010713,hol172
fig-010714,hol173
fig-010715,cty1223
fig-010716,crs090
fig-010717,hol218
fig-010718,hol236
fig-010719,hol237
fig-010720,njo0633
fig-010721,njo0598
fig-010723,sw1147
fig-010724,stu014
fig-010726,hp262
fig-010727,idea073
fig-010728,idea077
fig-010729,idea074
fig-010730,idea076
fig-010731,idea075
fig-010732,sh0672
fig-010734,sh0671
fig-010735,hol214
fig-010736,hol215
fig-010738,edu006
fig-010740,tnt001
fig-010742,jw061
fig-010743,rac028a
fig-010747,sh0592a
fig-010748,hol216
fig-010749,hol217
fig-010750,gen150
fig-010751,min091
fig-010752,min092
fig-010753,min087
fig-010754,cty1234
fig-010755,cty1235
fig-010756,cty1232
fig-010757,cty1233
fig-010758,cty1225
fig-010759,mar0037
fig-010760,hol226
fig-010761,hol227
fig-010762,hol228
fig-010763,hol229
fig-010764,hol230
fig-010765,hol231
fig-010766,hol232
fig-010767,hol225
fig-010768,hol222
fig-010769,hol223
fig-010770,hol220
fig-010771,hol221
fig-010772,hol224
fig-010774,frnd0415
fig-010775,frnd0417
fig-010776,frnd0416
fig-010777,frnd0418
fig-010778,cty1229
fig-010779,cty1230
fig-010780,cty1231
fig-010781,cty1228
fig-010782,cty1242
fig-010783,cty1240
fig-010784,cty1243
fig-010785,cty1241
fig-010786,frnd0412
fig-010787,frnd0413
fig-010788,frnd0414
fig-010789,cty1224
fig-010790,cty1244
fig-010791,cty1246
fig-010792,cty1248
fig-010793,cty1245
fig-010794,cty1247
fig-010795,cty1267
fig-010796,cty1268
fig-010797,cty1271
fig-010798,cty1270
fig-010799,cty1269
fig-010800,cty1272
fig-010801,loc161
fig-010802,cas172
fig-010809,cty1261
fig-010810,cty1262
fig-010811,hol219
fig-010812,min090
fig-010814,dp107
fig-010815,cty1265
fig-010816,cty1266
fig-010817,cty1273
fig-010818,cty1226
fig-010819,cty1227
fig-010820,cty1283
fig-010821,cty1284
fig-010822,sh0686
fig-010823,sh0680
fig-010825,sh0679
fig-010826,sh0727
fig-010827,sh0684
fig-010828,sh0682
fig-010829,sh0681
fig-010830,sh0685
fig-010832,sh0683
fig-010833,sh0678
fig-010834,cty1282
fig-010835,cty1281
fig-010836,cty1280
fig-010837,cty1254
fig-010838,cty1255
fig-010839,cty1264
fig-010840,cty1253
fig-010841,cty1252
fig-010842,cty1250
fig-010843,cty1251
fig-010844,cty1236
fig-010845,cty1239
fig-010846,cty1259
fig-010847,cty1260
fig-010848,cty1257
fig-010849,cty1256
fig-010850,cty1258
fig-010851,cty1278
fig-010852,cty1279
fig-010853,cty1276
fig-010854,cty1277
fig-010855,cty1275
fig-010856,sw1135
fig-010857,sw1136
fig-010858,sw1138
fig-010859,sw1137
fig-010860,sw1140
fig-010861,sw1139
fig-010863,frnd0439
fig-010865,frnd0442
fig-010866,frnd0431
fig-010867,frnd0440
fig-010868,frnd0441
fig-010870,cty1237
fig-010871,hp265
fig-010872,hp263a
fig-010874,hp264
fig-010875,hp270
fig-010877,hp269
fig-010879,hp271
fig-010880,hp266
fig-010881,hp267
fig-010882,hp268
fig-010883,hp274
fig-010884,hp272
fig-010885,hp273
fig-010886,cty1274
fig-010887,dp114
fig-010888,crs001
fig-010890,dp108
fig-010892,dp109
fig-010894,dp112
fig-010896,dp110
fig-010897,dp111
fig-010898,frnd0421
fig-010899,frnd0420
fig-010900,frnd0422
fig-010901,frnd0425
fig-010902,frnd0426
fig-010903,frnd0410
fig-010904,frnd0411
fig-010905,frnd0409
fig-010906,frnd0424
fig-010907,frnd0423
fig-010908,sh0689
fig-010909,idea080
fig-010910,idea081
fig-010911,twn408
fig-010912,twn407
fig-010913,twn401
fig-010914,cty1238
fig-010915,min089
fig-010916,min088
fig-010917,cty1249
fig-010920,idea082
fig-010921,idea083
fig-010922,idea084
fig-010923,idea085
fig-010925,njo0672
fig-010926,njo0669
fig-010928,njo0670
fig-010929,njo0671
fig-010930,njo0675
fig-010931,njo0674
fig-010933,njo0656
fig-010934,njo0660
fig-010935,njo0662
fig-010936,njo0661
fig-010937,njo0667
fig-010938,njo0664
fig-010939,njo0659
fig-010941,njo0658
fig-010942,njo0663
fig-010944,njo0655
fig-010946,njo0665
fig-010947,njo0657
fig-010948,njo0666
fig-010949,njo0668
fig-010950,njo0673
fig-010952,njo0643
fig-010953,njo0642
fig-010955,njo0647
fig-010956,njo0649
fig-010958,njo0648
fig-010960,njo0645
fig-010961,njo0644
fig-010962,njo0654
fig-010963,njo0676
fig-010964,njo0646
fig-010966,njo0635
fig-010968,njo0634
fig-010970,njo0651
fig-010972,crs015
fig-010973,njo0652
fig-010975,njo0575a
fig-010976,njo0639
fig-010977,njo0650
fig-010979,njo0640
fig-010980,njo0638
fig-010981,njo0637
fig-010982,njo0636
fig-010983,njo0681
fig-010985,sw1091
fig-010986,cty1263
fig-010988,njo0653
fig-010991,frnd0716
fig-010992,frnd0729
fig-010993,frnd0727
fig-010994,sw1324
fig-010995,sw1323
fig-010996,sw1322
fig-010997,frnd0687
fig-011009,tlm101
fig-011012,col383
fig-011013,col375
fig-011014,col376
fig-011015,gen187
fig-011016,col378
fig-011017,col374
fig-011018,col377
fig-011019,col379
fig-011020,col385
fig-011021,col380
fig-011022,col382
fig-011023,col381
fig-011024,col384
fig-011025,soc143
fig-011026,soc142
fig-011027,edu009
fig-011028,edu010
fig-011029,hol235
fig-011030,njo0576a
fig-011031,tech006a
fig-011032,tech006b
fig-011033,tech029a
fig-011034,adv012
fig-011035,air016
fig-011036,air014
fig-011037,air015
fig-011038,jbl003
fig-011039,doc014
fig-011040,doc015
fig-011041,trn074
fig-011042,oct008
fig-011043,oct027
fig-011044,oct010
fig-011045,oct009
fig-011046,ovr018
fig-011047,ovr017
fig-011048,pln100
fig-011049,trn071
fig-011050,trn073
fig-011051,trn072
fig-011052,crs014
fig-011057,nex151
fig-011058,twn037
fig-011059,air028
fig-011060,air026
fig-011061,air027
fig-011062,jbr001a
fig-011063,air024
fig-011064,43895c01
fig-011065,junchi
fig-011066,hol238
fig-011067,hgh008
fig-011068,air037
fig-011069,pln130
fig-011070,pln131
fig-011071,cop052
fig-011072,trc005
fig-011073,doc030
fig-011074,jred018
fig-011075,pln152
fig-011076,pln151
fig-011077,soc038
fig-011078,trn137
fig-011079,pln101
fig-011080,sh0690
fig-011082,sp131
fig-011084,sw0685
fig-011086,rac077
fig-011087,mar0054
fig-011088,mar0055
fig-011089,mar0056
fig-011090,mar0057
fig-011091,mar0058
fig-011092,mar0059
fig-011094,njo0690
fig-011095,sh0696
fig-011097,sh0692
fig-011098,sh0693
fig-011100,sh0691
fig-011101,sh0695
fig-011102,dp120
fig-011103,dp119
fig-011105,dp118
fig-011106,dp116
fig-011107,njo0688
fig-011108,mk048
fig-011109,mk045
fig-011111,mk046
fig-011112,frnd0432
fig-011113,frnd0434
fig-011114,frnd0433
fig-011115,frnd0438
fig-011116,frnd0435
fig-011117,frnd0436
fig-011118,frnd0437
fig-011119,frnd0427
fig-011120,frnd0428
fig-011121,frnd0429
fig-011123,sw1145
fig-011124,sw1143
fig-011126,sw1141
fig-011127,sw1142
fig-011128,min096
fig-011129,min095
fig-011130,min097
fig-011131,dp117
fig-011132,mk037
fig-011133,mk036
fig-011134,mk038
fig-011135,mk043
fig-011137,mk042
fig-011138,mk044
fig-011139,mk058
fig-011140,mk039
fig-011141,mk047
fig-011142,mk059
fig-011143,mk034
fig-011144,mk033
fig-011145,mk032
fig-011146,mk029
fig-011147,mk028
fig-011148,mk035
fig-011149,mk030
fig-011150,mk031
fig-011151,mk049
fig-011152,mk041
fig-011153,mk040
fig-011154,crs007
fig-011155,mk054
fig-011156,mk055
fig-011157,mk057
fig-011158,mk053
fig-011159,vid018
fig-011160,vid002
fig-011161,vid006
fig-011162,vid017
fig-011163,vid015
fig-011164,vid013
fig-011165,vid012
fig-011166,vid007
fig-011167,vid011
fig-011168,vid010
fig-011169,vid009
fig-011170,vid008
fig-011171,vid001
fig-011172,vid014
fig-011173,vid003
fig-011174,vid004a
fig-011175,vid016
fig-011176,vid005
fig-011178,dp133
fig-011179,njo0682
fig-011181,njo0683
fig-011182,njo0685
fig-011184,njo0687
fig-011185,njo0686
fig-011186,njo0684
fig-011187,njo0680
fig-011189,njo0679
fig-011190,njo0677
fig-011191,twn410
fig-011192,twn409
fig-011198,wampa
fig-011200,njo0678
fig-011201,mar0060
fig-011203,sw0464
fig-011210,cty1285
fig-011211,cty1286
fig-011217,njo0691
fig-011218,fst033
fig-011219,twn204a
fig-011221,hp275
fig-011222,cty1287
fig-011223,idea089
fig-011224,idea087
fig-011225,idea088
fig-011226,idea086
fig-011227,llp025
fig-011228,llp028
fig-011229,llp026
fig-011230,llp027
fig-011231,sh0697
fig-011232,sh0698
fig-011235,tech003a
fig-011236,sh0703
fig-011238,sh0704
fig-011240,sh0707
fig-011242,sh0708
fig-011243,hol240
fig-011244,crs002
fig-011246,njo0689
fig-011248,njo0692
fig-011250,mnn013
fig-011251,mnn014
fig-011252,mnn011
fig-011253,mnn010
fig-011254,mnn007
fig-011255,mnn009
fig-011256,mnn008
fig-011257,sh0702
fig-011258,sh0699
fig-011259,sh0701
fig-011260,sh0700
fig-011261,sh0706
fig-011262,sh0705
fig-011263,collt05
fig-011264,cty1289
fig-011265,cty1290
fig-011266,collt02
fig-011267,cop057
fig-011268,collt06
fig-011269,collt07
fig-011270,collt01
fig-011271,collt08
fig-011272,collt09
fig-011273,collt03
fig-011274,collt04
fig-011275,collt12
fig-011276,collt11
fig-011277,collt10
fig-011278,cas554
fig-011279,cas555
fig-011280,cas556
fig-011281,tech005a
fig-011282,sh0604
fig-011283,njo0708
fig-011284,sh0603
fig-011285,cty1288
fig-011286,poc043
fig-011287,twn411
fig-011288,sw0667
fig-011289,hol245
fig-011290,sh0694
fig-011292,arc002
fig-011294,sh0724
fig-011295,sh0712
fig-011297,sh0709
fig-011298,sh0714
fig-011299,sh0716
fig-011300,sh0721
fig-011301,sh0719
fig-011302,sh0713
fig-011303,sh0726
fig-011304,sh0710
fig-011305,sh0725
fig-011306,sh0717
fig-011307,sh0720
fig-011308,sh0711
fig-011309,sh0718
fig-011310,sh0722
fig-011311,sh0715
fig-011312,sh0723
fig-011314,dis050
fig-011316,dis051
fig-011317,dis052
fig-011318,dis053
fig-011320,dis054
fig-011321,dis047
fig-011322,dis049
fig-011324,dis048
fig-011325,dis055
fig-011328,dis056
fig-011330,dp138
fig-011332,dp141
fig-011334,dp140
fig-011336,dp142
fig-011337,dp128
fig-011338,dp127
fig-011340,dp126
fig-011341,hp300
fig-011342,hp302
fig-011343,hp301
fig-011344,hp297
fig-011345,hp286
fig-011346,hp284
fig-011348,hp285
fig-011350,hp287
fig-011351,hp276
fig-011352,hp282
fig-011353,hp283
fig-011354,hp281
fig-011356,hp299
fig-011357,hp296
fig-011358,hp295
fig-011359,hp298
fig-011360,hp277
fig-011361,hp278
fig-011362,hp279
fig-011363,hp280
fig-011364,hp310
fig-011366,hp303
fig-011367,hp308
fig-011369,hp312
fig-011370,hp304
fig-011371,hp306
fig-011373,hp307
fig-011374,hp309
fig-011375,hp305
fig-011376,hp311
fig-011377,hp288
fig-011378,hp294
fig-011379,hp289
fig-011380,hp293
fig-011381,hp290
fig-011382,hp291
fig-011383,hp292
fig-011385,hp313
fig-011386,frnd0481
fig-011388,frnd0465
fig-011389,frnd0446
fig-011390,frnd0443
fig-011391,frnd0480
fig-011392,sh0742
fig-011393,sh0743
fig-011394,sh0745
fig-011395,sh0734
fig-011397,sh0730
fig-011399,sh0744
fig-011400,sh0739
fig-011402,sh0738
fig-011403,sh0740
fig-011404,sh0732
fig-011406,sh0728
fig-011407,sh0729
fig-011408,sh0733
fig-011409,sh0737
fig-011410,sh0736
fig-011411,sh0735
fig-011412,cty1311
fig-011413,cty1309
fig-011414,cty1310
fig-011415,cty1294
fig-011416,cty1299
fig-011417,cty1295
fig-011418,cty1296
fig-011419,cty1300
fig-011420,cty1297
fig-011421,cty1298
fig-011422,cty1301
fig-011423,cty1303
fig-011424,cty1302
fig-011425,cty1304
fig-011426,cty1305
fig-011427,cty1307
fig-011428,cty1306
fig-011429,tls102
fig-011430,tls100
fig-011431,tls106
fig-011432,tls105
fig-011433,tls108
fig-011434,tls110
fig-011435,tls104
fig-011436,tls107
fig-011437,tls109
fig-011438,tls101
fig-011439,tls103
fig-011440,ftv002
fig-011441,ftv003
fig-011442,ftv004
fig-011443,ftv005
fig-011444,ftv006
fig-011445,ftv007
fig-011446,ftv001
fig-011447,twn412
fig-011448,twn413
fig-011449,twn414
fig-011450,twn415
fig-011451,twn416
fig-011452,frnd0458
fig-011453,frnd0479
fig-011455,frnd0455
fig-011456,frnd0464
fig-011457,frnd0382a
fig-011458,crs003
fig-011459,frnd0460
fig-011461,frnd0459
fig-011462,frnd0461
fig-011463,frnd0469
fig-011464,frnd0468
fig-011465,frnd0470
fig-011466,frnd0453
fig-011467,frnd0452
fig-011468,frnd0451
fig-011469,frnd0454
fig-011470,frnd0467
fig-011471,frnd0448
fig-011472,frnd0466
fig-011473,frnd0457
fig-011474,frnd0447
fig-011475,frnd0449
fig-011476,frnd0450
fig-011477,frnd0462
fig-011478,frnd0471
fig-011479,frnd0472
fig-011480,frnd0473
fig-011481,frnd0445
fig-011482,frnd0444
fig-011483,min098
fig-011484,min104
fig-011486,crs004
fig-011487,min106
fig-011488,min107
fig-011489,min100
fig-011491,min102
fig-011492,min101
fig-011493,min103
fig-011494,min105
fig-011496,min099
fig-011497,sc094
fig-011498,sc087
fig-011499,sc086
fig-011500,sc088
fig-011501,sc089
fig-011502,sc090
fig-011503,sc091
fig-011504,sc093
fig-011505,sc092
fig-011507,njo0710
fig-011508,njo0713
fig-011509,njo0702
fig-011510,njo0696
fig-011512,njo0701
fig-011514,njo0700
fig-011516,njo0707
fig-011518,njo0705
fig-011520,njo0699
fig-011521,njo0697
fig-011522,njo0693
fig-011524,njo0695
fig-011525,njo0694
fig-011527,njo0703
fig-011528,njo0704
fig-011529,vid021
fig-011530,vid022
fig-011531,vid023
fig-011532,vid024
fig-011533,vid032
fig-011534,vid034
fig-011535,vid031
fig-011536,vid033
fig-011537,vid019
fig-011538,vid020
fig-011539,vid026
fig-011540,vid027
fig-011541,vid025
fig-011542,vid029
fig-011543,vid028
fig-011544,vid030
fig-011545,cty1291
fig-011546,cty1292
fig-011548,min093
fig-011549,crs008
fig-011550,njo0706
fig-011555,pln153
fig-011557,twn043
fig-011558,njo0709
fig-011559,cty1092
fig-011560,cty1005
fig-011561,twn166
fig-011562,gen156
fig-011563,mk060
fig-011564,mk051
fig-011565,mk050
fig-011568,mk052
fig-011569,mk061
fig-011570,mk063
fig-011571,mk062
fig-011572,mk064
fig-011573,dp139
fig-011574,dp137
fig-011576,dp135
fig-011578,dp134
fig-011579,dp136
fig-011581,gen153
fig-011582,gen154
fig-011583,mnn012
fig-011584,cty1293
fig-011585,njo0597
fig-011587,sh0741
fig-011588,mar0061
fig-011589,hp314
fig-011591,frnd0463
fig-011592,cty1308
fig-011593,chef027
fig-011594,dp121
fig-011595,dp122
fig-011596,dp123
fig-011597,dp124
fig-011599,dp125
fig-011600,dp132
fig-011601,hp315
fig-011602,idea092
fig-011603,idea093
fig-011604,idea094
fig-011605,idea095
fig-011606,idea096
fig-011608,sh0747
fig-011609,sh0746
fig-011610,sh0748
fig-011611,sw1154
fig-011612,sh0749
fig-011613,sh0750
fig-011614,sh0751
fig-011615,sh0754
fig-011616,sh0753
fig-011617,sh0752
fig-011619,sw1148
fig-011620,sw1150
fig-011621,sw1149
fig-011622,sw1151
fig-011623,sw1152
fig-011624,sw1159
fig-011625,sw1161
fig-011626,sw1160
fig-011627,idea098
fig-011628,idea097
fig-011630,sw1146
fig-011631,sw1165
fig-011632,sw1155
fig-011633,sw1158
fig-011634,sw1156
fig-011635,sw1157
fig-011636,sw1168
fig-011637,sw1167
fig-011638,sw1162
fig-011639,sw1163
fig-011640,sw1164
fig-011641,sw1153
fig-011642,sw1120
fig-011643,mar0062
fig-011644,mar0063
fig-011646,njo0186
fig-011647,cty0617
fig-011648,sh0211
fig-011649,sh0143
fig-011651,dp129
fig-011652,dp131
fig-011653,dp130
fig-011654,njo0711
fig-011655,air046a
fig-011656,cty0123a
fig-011657,chef017a
fig-011658,twn131a
fig-011659,doc035a
fig-011660,cty0090a
fig-011661,oct055a
fig-011662,cty0058a
fig-011663,cty0214a
fig-011664,cty0222a
fig-011665,post010a
fig-011666,pi138a
fig-011667,edu021a
fig-011668,pi135a
fig-011669,cas482a
fig-011670,cas478a
fig-011671,pi140a
fig-011672,pi137a
fig-011673,cas476a
fig-011674,cas479a
fig-011675,edu020a
fig-011676,twn133a
fig-011677,cas483a
fig-011678,sh0207
fig-011679,sh0295
fig-011682,pln194
fig-011683,pln193
fig-011684,pln191
fig-011685,pln192
fig-011686,tnt021
fig-011687,sh0427
fig-011688,sh0521
fig-011689,sh0140
fig-011690,sh0139
fig-011691,st009
fig-011692,mar0064
fig-011694,mar0065
fig-011696,dp154
fig-011697,que003
fig-011698,que005
fig-011699,que002
fig-011700,que006
fig-011701,que007
fig-011702,que004
fig-011703,que001
fig-011705,hol246a
fig-011706,jw069
fig-011707,jw070
fig-011708,jw075
fig-011709,jw071
fig-011710,jw072
fig-011711,jw074
fig-011712,jw073
fig-011713,hol251
fig-011714,hol249
fig-011715,hol248
fig-011716,cty1375
fig-011717,sh0758
fig-011718,sh0756
fig-011720,sh0760
fig-011721,sh0761
fig-011722,sh0757
fig-011723,sw1166
fig-011724,sw1171
fig-011725,sw1172
fig-011726,sw1173
fig-011727,sw1170
fig-011728,soc145
fig-011729,soc144
fig-011730,soc148
fig-011731,soc147
fig-011732,soc146
fig-011733,cty1355
fig-011734,cty1417
fig-011735,cty1416
fig-011736,cty1596
fig-011737,cty1597
fig-011738,cty1598
fig-011739,cty1599
fig-011740,colmar01
fig-011741,colmar02
fig-011742,colmar03
fig-011743,colmar04
fig-011745,colmar05
fig-011746,hp316
fig-011747,colmar06
fig-011748,colmar07
fig-011750,colmar08
fig-011751,colmar09
fig-011752,colmar10
fig-011754,colmar11
fig-011755,colmar12
fig-011756,hp317
fig-011757,hp318
fig-011758,hp323
fig-011760,hp322
fig-011761,hp324
fig-011762,hp319
fig-011763,hp320
fig-011764,hp321
fig-011766,frnd0478
fig-011768,frnd0475
fig-011769,frnd0477
fig-011770,frnd0474
fig-011771,frnd0476
fig-011772,cty1312
fig-011774,sh0759
fig-011775,mar0066
fig-011776,mar0067
fig-011777,sw1174
fig-011778,mar0068
fig-011779,mar0069
fig-011780,mar0070
fig-011781,mar0071
fig-011782,mar0072
fig-011783,mar0073
fig-011784,mar0074
fig-011785,mar0075
fig-011787,sh0792
fig-011788,sh0791
fig-011791,cty1313
fig-011793,sh0614a
fig-011796,dis057
fig-011798,hol368
fig-011799,hol254
fig-011800,hol256
fig-011801,hol255
fig-011802,sh0783
fig-011804,sh0782
fig-011805,sh0770
fig-011806,sh0767
fig-011807,sh0765
fig-011808,sh0764
fig-011809,sh0766
fig-011810,sh0771
fig-011811,sh0763
fig-011812,sh0762
fig-011813,sh0768
fig-011814,sh0769
fig-011815,vid035
fig-011816,vid039
fig-011817,vid043
fig-011818,vid046
fig-011819,vid040
fig-011820,vid037
fig-011821,vid036
fig-011822,cty1331
fig-011823,cty1351
fig-011824,cty1327
fig-011825,cty1319
fig-011826,cty1328
fig-011827,cty1324
fig-011828,cty1320
fig-011829,cty1321
fig-011830,cty1323
fig-011831,cty1322
fig-011832,cty1326
fig-011833,cty1325
fig-011834,cty1318
fig-011835,cty1398
fig-011836,cty1329
fig-011837,cty1330
fig-011838,cty1316
fig-011839,cty1314
fig-011840,cty1315
fig-011841,sh0773
fig-011842,sh0772
fig-011844,sh0775
fig-011845,sh0774
fig-011846,sh0778
fig-011847,sh0779
fig-011848,sh0777
fig-011849,sh0776
fig-011850,sh0781
fig-011851,sh0780
fig-011852,vid044
fig-011853,vid041
fig-011854,vid038
fig-011855,vid045
fig-011856,vid042
fig-011860,idea099
fig-011861,idea102
fig-011862,idea101
fig-011863,idea103
fig-011864,idea100
fig-011865,jw076
fig-011867,hp107
fig-011868,twn447
fig-011869,twn446
fig-011871,njo0712
fig-011872,cty1317
fig-011874,sh0786
fig-011875,sh0790
fig-011876,sh0784
fig-011877,sh0785
fig-011878,sh0788
fig-011880,sh0787
fig-011882,sh0789
fig-011883,hol259
fig-011884,hol277
fig-011885,hol281
fig-011886,hol280
fig-011887,hol279
fig-011888,hol260
fig-011889,hol271
fig-011890,hol270
fig-011891,hol278
fig-011892,hol269
fig-011893,hol258
fig-011894,hol275
fig-011895,hol276
fig-011896,hol267
fig-011897,hol266
fig-011898,hol263
fig-011899,hol282
fig-011900,hol262
fig-011901,hol261
fig-011902,hol274
fig-011903,hol272
fig-011904,hol265
fig-011905,hol273
fig-011906,hol264
fig-011907,hol268
fig-011908,twn417
fig-011909,twn418
fig-011910,twn419
fig-011911,twn420
fig-011912,twn421
fig-011913,twn422
fig-011914,twn423
fig-011915,hol257
fig-011916,tls046
fig-011917,tls047
fig-011918,tls048
fig-011919,mk067
fig-011920,mk068
fig-011921,mk070
fig-011922,mk073
fig-011923,mk072
fig-011924,mk069
fig-011925,mk066
fig-011927,mk071
fig-011928,mk092
fig-011929,mnn015
fig-011930,mk076
fig-011931,mk077
fig-011932,mk074
fig-011933,mk075
fig-011934,crs010
fig-011935,mk080
fig-011936,mk081
fig-011937,mk079
fig-011938,mk088
fig-011939,mk087
fig-011940,sw1179
fig-011941,sw1175
fig-011942,sw1176
fig-011944,sw1180
fig-011945,sw1178
fig-011946,sw1177
fig-011948,njo0714
fig-011949,dis058
fig-011950,dis059
fig-011951,dis063
fig-011952,dis064
fig-011953,dis060
fig-011954,dis062
fig-011955,dis061
fig-011957,sw1181
fig-011958,mk089
fig-011959,mk090
fig-011960,mk091
fig-011961,bdp024
fig-011962,bdp023
fig-011963,bdp003
fig-011964,bdp002
fig-011965,bdp001
fig-011966,bdp004
fig-011967,bdp005
fig-011968,bdp006
fig-011969,bdp007
fig-011970,bdp008
fig-011971,mar0076
fig-011972,mar0081
fig-011973,mar0077
fig-011974,mar0078
fig-011975,mar0079
fig-011976,mar0080
fig-011977,frnd0500
fig-011978,frnd0497
fig-011980,frnd0498
fig-011981,frnd0499
fig-011982,hol233
fig-011983,njo0733
fig-011985,njo0734
fig-011986,njo0732
fig-011987,njo0730
fig-011989,njo0731
fig-011990,cty1373
fig-011991,min108
fig-011992,cty1433
fig-011993,cty1434
fig-011994,cty1358
fig-011995,cty1356
fig-011996,cty1361
fig-011997,cty1359
fig-011998,cty1360
fig-011999,cty1357
fig-012000,cty1403
fig-012001,cty1402
fig-012002,cty1389
fig-012003,cty1386
fig-012004,cty1387
fig-012005,cty1388
fig-012006,cty1397
fig-012007,cty1393
fig-012008,cty1392
fig-012009,cty1395
fig-012010,cty1394
fig-012011,cty1396
fig-012012,cty1390
fig-012013,cty1391
fig-012014,cty1336
fig-012015,cty1335
fig-012016,cty1401
fig-012017,cty1400
fig-012018,cty1379
fig-012019,cty1382
fig-012020,cty1380
fig-012021,cty1381
fig-012022,cty1367
fig-012023,cty1368
fig-012024,cty1365
fig-012025,cty1334
fig-012026,njo0735
fig-012027,njo0725
fig-012028,cty1383
fig-012029,cty1385
fig-012030,cty1384
fig-012031,cty1432
fig-012032,cty1350
fig-012034,njo0729
fig-012035,njo0723
fig-012036,cty1349
fig-012037,cty1344
fig-012038,cty1342
fig-012039,cty1343
fig-012040,cty1339
fig-012041,cty1345
fig-012042,cty1346
fig-012043,cty1347
fig-012044,cty1348
fig-012045,cty1340
fig-012047,njo0728
fig-012048,cty1341
fig-012049,njo0717
fig-012050,cty1337
fig-012051,cty1338
fig-012053,njo0736
fig-012054,njo0737
fig-012055,cty1369
fig-012056,cty1370
fig-012057,cty1372
fig-012058,cty1371
fig-012059,njo0738
fig-012060,njo0724
fig-012061,cty1374
fig-012063,cty1362
fig-012064,cty1363
fig-012065,cty1364
fig-012066,mk065
fig-012067,mk083
fig-012068,mk085
fig-012069,mk082
fig-012070,mk084
fig-012071,mk086
fig-012072,mk093
fig-012073,idea104
fig-012075,frnd0496
fig-012076,frnd0495
fig-012077,frnd0725
fig-012078,frnd0508
fig-012079,frnd0494
fig-012080,frnd0493
fig-012082,dp147
fig-012084,dp143
fig-012085,dp148
fig-012086,dp149
fig-012087,dp146
fig-012088,dp144
fig-012089,dp145
fig-012090,sh0802
fig-012091,sh0793
fig-012092,sh0801
fig-012093,min110
fig-012094,min112
fig-012095,min113
fig-012096,min111
fig-012097,min109
fig-012099,sh0800
fig-012100,sh0803
fig-012101,sh0795
fig-012102,sh0798
fig-012104,sh0797
fig-012105,sh0794
fig-012106,sh0796
fig-012107,sh0799
fig-012108,njo0721
fig-012109,njo0718
fig-012111,njo0719
fig-012113,njo0720
fig-012115,njo0722
fig-012117,njo0726
fig-012119,njo0739
fig-012120,njo0742
fig-012122,njo0741
fig-012124,njo0727
fig-012125,njo0740
fig-012128,njo0743
fig-012129,frnd0506
fig-012130,frnd0507
fig-012131,frnd0482
fig-012132,frnd0483
fig-012133,frnd0484
fig-012134,frnd0504
fig-012135,frnd0503
fig-012136,frnd0502
fig-012137,frnd0501
fig-012138,frnd0490
fig-012139,frnd0491
fig-012140,frnd0488
fig-012141,frnd0492
fig-012142,frnd0489
fig-012143,frnd0486
fig-012144,frnd0485
fig-012145,frnd0487
fig-012146,cty1332
fig-012147,cty1333
fig-012148,sw1186
fig-012149,sw1188
fig-012150,sw1187
fig-012151,sw1182
fig-012152,sw1189
fig-012154,sw1184
fig-012155,sw1183
fig-012156,sw1185
fig-012157,cty1399
fig-012158,cty1377
fig-012159,cty1378
fig-012160,cty1376
fig-012161,cty1405
fig-012162,cty1404
fig-012163,cty1352
fig-012164,cty1354
fig-012165,cty1353
fig-012166,cty1426
fig-012167,cty1427
fig-012168,cty1428
fig-012169,cty1429
fig-012170,cty1430
fig-012171,cty1431
fig-012172,cty1425
fig-012173,cty1410
fig-012174,cty1407
fig-012175,cty1411
fig-012176,cty1412
fig-012177,cty1408
fig-012178,cty1409
fig-012179,njo0715
fig-012180,njo0716
fig-012181,col386
fig-012182,col387
fig-012183,col388
fig-012184,col389
fig-012185,col390
fig-012186,col391
fig-012187,col392
fig-012188,col393
fig-012189,col394
fig-012190,col395
fig-012191,col396
fig-012192,col397
fig-012196,mar0013
fig-012197,mar0001
fig-012198,mar0002
fig-012200,mar0003
fig-012205,mar0004
fig-012206,mar0006
fig-012207,mar0005
fig-012208,mar0007
fig-012211,mar0008
fig-012212,mar0009
fig-012213,mar0010
fig-012215,mar0011
fig-012216,mar0012
fig-012218,mar0032
fig-012219,twn211a
fig-012221,mar0014
fig-012222,mar0015
fig-012223,mar0016
fig-012224,mar0017
fig-012225,tlm080
fig-012226,mar0082
fig-012227,mar0084
fig-012228,mar0083
fig-012229,mar0018
fig-012234,mar0019
fig-012235,mar0020
fig-012237,mar0021
fig-012239,mar0022
fig-012240,mar0023
fig-012241,mar0024
fig-012242,mar0025
fig-012244,mar0027
fig-012245,mar0028
fig-012248,mar0031
fig-012249,mar0042
fig-012250,mar0043
fig-012251,mar0038
fig-012252,mar0039
fig-012253,mar0040
fig-012254,mar0041
fig-012255,mar0044
fig-012256,mar0045
fig-012257,mar0046
fig-012258,mar0047
fig-012259,mar0048
fig-012260,mar0049
fig-012261,mar0050
fig-012262,mar0051
fig-012263,mar0052
fig-012264,mar0053
fig-012268,tlm102
fig-012271,sw1090
fig-012272,twn269a
fig-012274,twn270a
fig-012276,mar0086
fig-012278,dp153
fig-012279,sh0520
fig-012280,hp134b
fig-012281,frnd0505
fig-012282,mar0088
fig-012283,mar0089
fig-012284,mar0090
fig-012285,mar0087
fig-012286,twn424
fig-012288,njo0744
fig-012289,hp149b
fig-012290,mar0085
fig-012291,sw0205a
fig-012292,sw0179a
fig-012293,cty1406
fig-012294,mar0091
fig-012295,mar0092
fig-012296,mar0093
fig-012298,mar0110
fig-012299,mar0094
fig-012301,njo0749
fig-012302,bdp009
fig-012303,bdp010
fig-012304,cty0500a
fig-012305,trn235a
fig-012307,hp332
fig-012308,hp333
fig-012309,hp334
fig-012311,hp329
fig-012313,hp330
fig-012314,hp331
fig-012315,hp325
fig-012316,hp327
fig-012317,hp326
fig-012318,hp328
fig-012320,dp158
fig-012321,cty1420
fig-012322,cty1421
fig-012323,cty1422
fig-012324,cty1423
fig-012325,cty1424
fig-012326,cty1415
fig-012327,cty1414
fig-012328,cty1413
fig-012329,sh0804
fig-012331,sw1191
fig-012333,frnd0509
fig-012334,frnd0510
fig-012336,njo0748
fig-012337,njo0746
fig-012338,njo0747
fig-012339,sc099
fig-012340,sc098
fig-012341,sc101
fig-012342,sc100
fig-012343,sc095
fig-012344,sc097
fig-012345,sc096
fig-012347,frnd0517
fig-012348,frnd0516
fig-012350,frnd0512
fig-012351,frnd0513
fig-012352,frnd0511
fig-012354,frnd0514
fig-012355,frnd0515
fig-012356,sw1194
fig-012357,sw1197
fig-012358,sw1196
fig-012359,sw1192
fig-012360,sw1193
fig-012361,sw1195
fig-012362,cty1585
fig-012363,dp150
fig-012364,dp151
fig-012365,dp152
fig-012366,mk078
fig-012367,gen161
fig-012368,bdp011
fig-012369,bdp012
fig-012370,bdp013
fig-012371,bdp014
fig-012372,bdp015
fig-012373,bdp016
fig-012375,sw1253
fig-012376,cty1419
fig-012377,cty0223
fig-012379,pi141
fig-012381,sh0050
fig-012382,col084a
fig-012383,cty0079
fig-012384,sh0016a
fig-012390,mar0097
fig-012391,mar0098
fig-012392,mar0096
fig-012393,mar0099
fig-012394,chef028
fig-012395,sh0809
fig-012396,njo0751
fig-012397,njo0750
fig-012398,mar0100
fig-012399,mar0101
fig-012400,mar0102
fig-012401,mar0103
fig-012402,sw0303
fig-012403,twn443
fig-012404,mar0104
fig-012405,mar0106
fig-012406,mar0105
fig-012407,mar0107
fig-012408,mar0108
fig-012409,mar0109
fig-012411,cty0229a
fig-012412,cty0232a
fig-012413,btf001
fig-012414,btf002
fig-012415,sh0805
fig-012416,sh0806
fig-012417,sh0807
fig-012418,sh0813
fig-012419,sh0808
fig-012420,sh0810
fig-012422,sw0618
fig-012423,sw0316
fig-012425,sw0318
fig-012426,poc012
fig-012427,poc002
fig-012428,poc003
fig-012429,poc004
fig-012430,sw0304
fig-012431,uni12
fig-012432,uni13
fig-012433,uni14
fig-012434,uni16
fig-012435,uni18
fig-012436,uni19
fig-012437,uni20
fig-012438,uni22
fig-012439,tnt013
fig-012440,tlm141
fig-012441,tlm187
fig-012442,tlm189
fig-012443,tlm188
fig-012444,tlm182
fig-012445,tlm179
fig-012446,tlm200
fig-012447,tlm198
fig-012448,cty1435
fig-012449,njo0745
fig-012450,nex114
fig-012451,nex120
fig-012452,rac093
fig-012453,rac091
fig-012454,rac092
fig-012455,rac090
fig-012456,nex039
fig-012457,nex057
fig-012458,nex092
fig-012459,nex104
fig-012460,nex112
fig-012461,nex113
fig-012462,nex118
fig-012463,nex140
fig-012464,njo0130
fig-012465,col346
fig-012466,dp058
fig-012467,dp077
fig-012468,dp060
fig-012469,dp092
fig-012470,dp093
fig-012471,dp094
fig-012472,dp098
fig-012473,dp099
fig-012474,dp100
fig-012475,sw1190
fig-012476,sw1134
fig-012477,sw1133
fig-012479,sw1038
fig-012480,sw1030
fig-012481,sw0966
fig-012482,sw0965
fig-012483,sw0125
fig-012484,loc113
fig-012485,jw089
fig-012486,jw088
fig-012487,jw100
fig-012488,jw090
fig-012489,jw091
fig-012490,jw077
fig-012491,jw095
fig-012492,jw078
fig-012493,jw079
fig-012494,jw084
fig-012495,jw080
fig-012496,jw092
fig-012497,jw087
fig-012498,jw093
fig-012499,jw094
fig-012500,jw085
fig-012501,jw086
fig-012503,jw082
fig-012504,jw081
fig-012505,jw083
fig-012506,jw097
fig-012507,jw096
fig-012508,jw099
fig-012509,jw098
fig-012510,twn427
fig-012511,twn426
fig-012512,njo0752
fig-012514,jw101
fig-012515,coltm12
fig-012516,coltm11
fig-012517,coltm10
fig-012518,coltm09
fig-012519,coltm08
fig-012520,coltm07
fig-012521,coltm06
fig-012522,coltm05
fig-012523,coltm04
fig-012524,coltm03
fig-012525,coltm02
fig-012526,coltm01
fig-012527,dp157
fig-012528,dp156
fig-012529,dp155
fig-012531,dp103a
fig-012532,dis066
fig-012533,dis067
fig-012534,dis068
fig-012535,dis065
fig-012536,dis069
fig-012537,mm006
fig-012538,min001
fig-012539,min002
fig-012540,minepig07
fig-012541,min004
fig-012542,min005
fig-012543,min006
fig-012544,min007
fig-012545,min008
fig-012546,loc162
fig-012547,idea078
fig-012548,idea029
fig-012549,hol252
fig-012550,hol234
fig-012551,hol161
fig-012552,hol130
fig-012553,hol021
fig-012555,frnd0338
fig-012556,cty1077
fig-012557,cty1071
fig-012558,cty1066
fig-012559,cty1056
fig-012560,cty1031
fig-012561,dis070
fig-012562,dis071
fig-012564,sw1199
fig-012565,sw1200
fig-012567,sw1204
fig-012568,sw1203
fig-012570,sw1201
fig-012571,sw1202
fig-012573,sh0811
fig-012574,sh0812
fig-012575,sh0815
fig-012576,sh0814
fig-012577,sh0816
fig-012578,sw1205
fig-012579,sw1206
fig-012580,sw1207
fig-012582,frnd0519
fig-012583,frnd0520
fig-012584,frnd0521
fig-012586,frnd0518
fig-012587,hfw001
fig-012588,sw1208
fig-012589,twn231
fig-012591,sw1209
fig-012592,twn425
fig-012593,hfw002
fig-012594,cty1436
fig-012595,bdp017
fig-012596,bdp018
fig-012597,bdp019
fig-012598,bdp020
fig-012599,bdp021
fig-012600,bdp022
fig-012601,idea105
fig-012602,sh0817
fig-012603,sh0818
fig-012604,sh0822
fig-012605,bdp025
fig-012606,bdp026
fig-012607,bdp027
fig-012608,bdp028
fig-012609,idea106
fig-012611,hp350
fig-012612,cty1478
fig-012613,llp032
fig-012614,llp033
fig-012615,cty1441
fig-012616,cty1437
fig-012617,cty1438
fig-012618,cty1486
fig-012619,cty1488
fig-012620,cty1489
fig-012621,cty1499
fig-012622,cty1501
fig-012623,cty1500
fig-012626,dis073
fig-012628,dis072
fig-012629,dis078
fig-012631,dis077
fig-012633,dis079
fig-012635,dis080
fig-012636,dis076
fig-012637,dis075
fig-012638,dis074
fig-012639,min115
fig-012640,min116
fig-012641,min131
fig-012642,min130
fig-012643,min129
fig-012645,min011
fig-012646,min123
fig-012647,min122
fig-012648,min120
fig-012649,min121
fig-012650,min124
fig-012651,min119
fig-012652,minestrider01
fig-012653,min118
fig-012654,min117
fig-012655,min127
fig-012656,min125
fig-012657,min126
fig-012658,sh0821
fig-012659,sh0819
fig-012660,sh0823
fig-012661,sh0824
fig-012662,mk096
fig-012663,mk098
fig-012664,mk101
fig-012665,mk102
fig-012666,mk099
fig-012667,mk103
fig-012668,mk100
fig-012669,mk097
fig-012670,mk095
fig-012671,mk094
fig-012672,mk105
fig-012673,mk104
fig-012674,sw1212
fig-012675,sw1210
fig-012676,hp338
fig-012677,hp336
fig-012678,hp335
fig-012679,hp340
fig-012680,hp341
fig-012682,hp343
fig-012683,hp342
fig-012684,hp339
fig-012685,hp337
fig-012686,hp367
fig-012687,hp351
fig-012688,hp352
fig-012689,hp348
fig-012690,hp349
fig-012691,hp356
fig-012692,hp344
fig-012693,hp357
fig-012694,hp363
fig-012695,hp359
fig-012696,hp358
fig-012697,hp360
fig-012698,hp361
fig-012699,hp362
fig-012701,hp347
fig-012702,hp346
fig-012704,hp354
fig-012705,hp353
fig-012706,hp355
fig-012707,hp366
fig-012708,hp365
fig-012709,hp364
fig-012710,hp345
fig-012711,njo0759
fig-012712,njo0754
fig-012713,njo0773
fig-012714,njo0772
fig-012715,njo0771
fig-012717,njo0770
fig-012719,njo0758
fig-012721,njo0760
fig-012723,njo0775
fig-012724,njo0774
fig-012725,njo0766
fig-012726,njo0767
fig-012727,crs018
fig-012728,njo0769
fig-012729,njo0768
fig-012730,njo0765
fig-012731,njo0762
fig-012732,njo0763
fig-012733,njo0764
fig-012735,njo0782
fig-012736,njo0761
fig-012738,njo0781
fig-012739,njo0756
fig-012740,njo0757
fig-012741,njo0779
fig-012742,njo0780
fig-012743,njo0778
fig-012745,njo0784a
fig-012746,njo0777
fig-012748,njo0776
fig-012749,dp159
fig-012750,dp162
fig-012751,dp161
fig-012752,twn428
fig-012753,twn429
fig-012754,vik038
fig-012755,vik039
fig-012756,vik040
fig-012757,vik041
fig-012759,dp160
fig-012760,cty1451
fig-012761,cty1450
fig-012762,cty1452
fig-012763,cty1460
fig-012764,cty1462
fig-012765,cty1461
fig-012766,cty1485
fig-012767,cty1484
fig-012768,cty1493
fig-012769,cty1492
fig-012770,cty1491
fig-012771,cty1495
fig-012772,cty1490
fig-012773,cty1494
fig-012774,cty1496
fig-012775,cty1498
fig-012776,cty1497
fig-012777,cty1487
fig-012778,cty1440
fig-012779,cty1439
fig-012780,cty1444
fig-012781,cty1442
fig-012782,cty1443
fig-012783,njo0753
fig-012784,cty1449
fig-012786,njo0755
fig-012787,frnd0549
fig-012788,frnd0540
fig-012790,frnd0541
fig-012792,frnd0551
fig-012793,frnd0550
fig-012795,frnd0539
fig-012796,frnd0538
fig-012797,cty1480
fig-012798,cty1483
fig-012799,cty1481
fig-012800,cty1479
fig-012801,cty1482
fig-012802,cty1463
fig-012803,cty1464
fig-012804,cty1465
fig-012805,cty1466
fig-012806,cty1467
fig-012807,cty1468
fig-012808,cty1471
fig-012809,cty1472
fig-012810,cty1473
fig-012811,cty1474
fig-012812,cty1469
fig-012813,cty1470
fig-012814,frnd0522
fig-012815,frnd0523
fig-012817,frnd0524
fig-012818,frnd0552
fig-012819,frnd0554
fig-012821,frnd0553
fig-012822,frnd0557
fig-012824,frnd0556
fig-012825,frnd0555
fig-012826,frnd0525
fig-012827,frnd0527
fig-012828,frnd0528
fig-012829,frnd0526
fig-012830,frnd0545
fig-012831,frnd0547
fig-012832,frnd0546
fig-012833,frnd0535
fig-012834,frnd0534
fig-012835,frnd0536
fig-012836,frnd0537
fig-012837,frnd0531
fig-012838,frnd0533
fig-012839,frnd0542
fig-012840,frnd0543
fig-012841,frnd0544
fig-012842,frnd0529
fig-012843,frnd0530
fig-012844,frnd0532
fig-012845,cty1457
fig-012846,cty1455
fig-012847,cty1453
fig-012848,cty1459
fig-012849,cty1458
fig-012850,cty1456
fig-012851,cty1454
fig-012853,njo0783
fig-012854,sh0820
fig-012855,cas557
fig-012856,cas558
fig-012857,cty1445
fig-012858,cty1446
fig-012859,sh0687
fig-012860,cty1447
fig-012861,cty1448
fig-012862,sh0825
fig-012863,min082
fig-012864,twn430
fig-012865,twn431
fig-012866,cty1534
fig-012867,bdp029
fig-012868,bdp030
fig-012869,twn433
fig-012870,twn441
fig-012871,twn438
fig-012872,twn434
fig-012873,twn439
fig-012874,twn437
fig-012875,twn432
fig-012876,twn436
fig-012877,twn442
fig-012878,twn440
fig-012879,twn435
fig-012881,dp164
fig-012882,dp165
fig-012884,dp163
fig-012885,dp166
fig-012886,cty0050
fig-012887,cty1475
fig-012888,gen162
fig-012889,gen163
fig-012890,cty1476
fig-012891,hp368
fig-012892,njo0330
fig-012893,bdp031
fig-012894,bdp032
fig-012895,bdp033
fig-012896,bdp034
fig-012897,bdp035
fig-012898,sh0826
fig-012899,sh0827
fig-012900,sh0828
fig-012902,sh0829
fig-012903,sh0830
fig-012904,sh0831
fig-012905,sh0832
fig-012906,sh0833
fig-012907,min065
fig-012908,dis081
fig-012909,twn444
fig-012910,sp132
fig-012911,dp191
fig-012912,min132
fig-012913,min135
fig-012914,min134
fig-012915,min133
fig-012916,sc102
fig-012917,sc103
fig-012918,sw1214
fig-012920,sw1219
fig-012921,sw1221
fig-012922,sw1216
fig-012924,sw1220
fig-012925,sw1227
fig-012927,sw1228
fig-012928,sw1226
fig-012929,sw1225
fig-012930,bdp054
fig-012931,bdp056
fig-012932,bdp053
fig-012933,bdp057
fig-012934,bdp055
fig-012935,bdp058
fig-012936,sw1224
fig-012937,sw1222
fig-012938,sw1223
fig-012939,sw1237
fig-012941,sw1233
fig-012944,sw1235
fig-012945,sw1236
fig-012946,sw1231
fig-012947,sw1230
fig-012948,sw1232
fig-012949,min128
fig-012950,sw1217
fig-012952,sw1229
fig-012953,sw1218
fig-012954,bdp036
fig-012955,bdp037
fig-012956,bdp038
fig-012957,bdp039
fig-012958,bdp040
fig-012959,bdp041
fig-012960,bdp042
fig-012961,bdp043
fig-012962,bdp044
fig-012963,bdp045
fig-012964,bdp046
fig-012965,bdp047
fig-012966,bdp048
fig-012967,mar0131
fig-012970,mar0128
fig-012971,mar0134
fig-012972,mar0133
fig-012973,mar0130
fig-012974,mar0127
fig-012975,mar0132
fig-012976,mar0129
fig-012977,cas579
fig-012978,cas578
fig-012979,cas571
fig-012980,cas570
fig-012981,cas567
fig-012982,cas561
fig-012983,cas573
fig-012984,cas577
fig-012985,cas560
fig-012986,cas564
fig-012988,cas569
fig-012989,cas572
fig-012991,gen099
fig-012992,cas566
fig-012993,cas562
fig-012994,cas559
fig-012995,cas568
fig-012996,cas565
fig-012997,cas563
fig-012998,cas575
fig-012999,cas574
fig-013000,cas576
fig-013001,njo0785
fig-013002,mar0113
fig-013003,mar0114
fig-013004,mar0112
fig-013005,mar0115
fig-013006,mar0117
fig-013007,mar0116
fig-013008,mar0118
fig-013009,mar0126
fig-013012,mar0120
fig-013013,mar0119
fig-013014,mar0095
fig-013015,mar0111
fig-013016,cty1477
fig-013017,hp375
fig-013019,tls111
fig-013020,tls112
fig-013021,njo0788
fig-013022,njo0786
fig-013023,sp133
fig-013024,sh0214
fig-013029,cty1502
fig-013030,hp376
fig-013032,hp378
fig-013033,hp377
fig-013034,hp379
fig-013035,hp380
fig-013036,hp382
fig-013037,hp383
fig-013038,hp381
fig-013039,hp384
fig-013040,hp385
fig-013042,hp386
fig-013043,hp387
fig-013044,hp388
fig-013045,hp389
fig-013046,hp392
fig-013047,hp390
fig-013048,hp391
fig-013049,hp393
fig-013050,sw1241
fig-013052,sw1238
fig-013054,sw1239
fig-013055,hp372
fig-013057,hp373
fig-013058,hp371
fig-013059,hp374
fig-013061,hp370
fig-013062,hp369
fig-013063,sh0837
fig-013064,sh0836
fig-013066,sh0834
fig-013067,sh0835
fig-013068,frnd0560
fig-013069,cty1503
fig-013070,cty1505
fig-013071,cty1506
fig-013072,cty1504
fig-013074,hol284
fig-013075,idea124
fig-013076,idea123
fig-013078,sh0838
fig-013079,col403
fig-013080,col398
fig-013081,col399
fig-013082,col400
fig-013083,col401
fig-013084,col402
fig-013085,col404
fig-013086,col405
fig-013087,col406
fig-013088,col407
fig-013089,col408
fig-013090,col409
fig-013092,frnd0558
fig-013093,cty1501
fig-013094,frnd0559
fig-013095,bdp052
fig-013096,bdp050
fig-013097,bdp051
fig-013100,hp394
fig-013101,cty1507
fig-013102,cty1508
fig-013103,hp263b
fig-013104,bdp049
fig-013105,lom003b
fig-013106,cty1509
fig-013107,idea113
fig-013108,idea121
fig-013109,idea108
fig-013110,idea109
fig-013111,idea115
fig-013112,idea111
fig-013113,idea110
fig-013114,idea112
fig-013115,idea114
fig-013116,idea107
fig-013117,idea120
fig-013118,idea117
fig-013119,idea118
fig-013120,idea119
fig-013121,idea116
fig-013122,avt005
fig-013123,avt004
fig-013124,avt006
fig-013125,avt003
fig-013126,avt001
fig-013127,avt002
fig-013128,avt012
fig-013129,avt013
fig-013130,avt008
fig-013131,avt009
fig-013132,avt007
fig-013133,avt010
fig-013134,avt011
fig-013135,sh0843
fig-013136,sh0844
fig-013137,sh0848
fig-013138,sh0840
fig-013139,sh0839
fig-013140,sh0846
fig-013141,sh0841
fig-013144,sh0842
fig-013145,sh0847
fig-013146,sh0845
fig-013147,hol288
fig-013148,hol286
fig-013149,hol287
fig-013150,hol289
fig-013151,hol291
fig-013152,hol290
fig-013153,sw1244
fig-013154,sw1242
fig-013155,sw1243
fig-013156,idea122
fig-013157,cop003
fig-013158,mar0122
fig-013159,mar0138
fig-013162,mar0139
fig-013164,mar0123
fig-013165,njo0787
fig-013166,mar0121
fig-013168,adv054
fig-013170,sp006new2
fig-013171,lor039
fig-013172,lor048
fig-013173,mar0135
fig-013175,mar0136
fig-013177,mar0125
fig-013178,tls113
fig-013179,cty1510
fig-013180,cty1511
fig-013181,cty0983a
fig-013183,sh0669
fig-013184,mar0124
fig-013185,mar0137
fig-013186,sh0653
fig-013187,sh0028
fig-013188,sh0027
fig-013189,twn450
fig-013190,twn467
fig-013191,sh0731
fig-013192,sh0850
fig-013194,gen047
fig-013195,hp395
fig-013196,gen171
fig-013197,hol293
fig-013198,hol294
fig-013200,hol292
fig-013202,cty1512
fig-013203,sw0208a
fig-013205,njo0789
fig-013207,hol285
fig-013208,sh0849
fig-013209,hol295
fig-013211,firec001new
fig-013212,cty0184
fig-013213,jw117
fig-013215,njo0797
fig-013216,frnd0561
fig-013217,frnd0562
fig-013218,frnd0563
fig-013219,frnd0564
fig-013220,frnd0565
fig-013221,frnd0566
fig-013223,dp095b
fig-013224,cty1513
fig-013225,hol317
fig-013226,hol318
fig-013227,hol319
fig-013228,hol320
fig-013229,hol321
fig-013230,hol322
fig-013231,hol305
fig-013232,hol306
fig-013233,hol308
fig-013234,hol309
fig-013235,hol310
fig-013236,hol311
fig-013237,hol312
fig-013238,hol313
fig-013239,hol314
fig-013240,hol316
fig-013241,hol307
fig-013242,hol315
fig-013245,njo0796
fig-013246,frnd0604
fig-013247,frnd0605
fig-013248,frnd0594
fig-013249,frnd0593
fig-013250,frnd0616
fig-013251,frnd0614
fig-013252,frnd0615
fig-013253,frnd0589
fig-013254,frnd0588
fig-013255,frnd0590
fig-013256,frnd0569
fig-013257,frnd0608
fig-013258,frnd0596
fig-013259,frnd0595
fig-013260,frnd0602
fig-013261,frnd0603
fig-013262,frnd0600
fig-013263,frnd0601
fig-013264,frnd0607
fig-013265,frnd0606
fig-013267,frnd0582
fig-013269,frnd0583
fig-013270,frnd0581
fig-013271,frnd0591
fig-013272,frnd0592
fig-013273,frnd0570
fig-013274,frnd0572
fig-013275,frnd0571
fig-013276,frnd0567
fig-013277,frnd0575
fig-013278,frnd0574
fig-013279,frnd0568
fig-013280,frnd0573
fig-013281,frnd0611
fig-013282,frnd0610
fig-013283,frnd0598
fig-013284,frnd0609
fig-013285,frnd0585
fig-013286,frnd0587
fig-013287,frnd0584
fig-013288,frnd0586
fig-013289,frnd0579
fig-013290,frnd0578
fig-013291,frnd0577
fig-013292,frnd0580
fig-013293,frnd0576
fig-013294,frnd0613
fig-013295,frnd0612
fig-013296,frnd0599
fig-013297,frnd0597
fig-013298,frnd0617
fig-013299,frnd0618
fig-013300,frnd0619
fig-013301,min032
fig-013302,min143
fig-013303,min144
fig-013304,min145
fig-013305,min142
fig-013306,min140
fig-013307,min141
fig-013308,min137
fig-013309,min138
fig-013310,min139
fig-013311,mineshulker01
fig-013312,min149
fig-013313,min147
fig-013314,min136
fig-013315,cty1544
fig-013316,cty1559
fig-013317,cty1560
fig-013318,cty1561
fig-013319,cty1562
fig-013320,cty1563
fig-013321,cty1564
fig-013322,cty1521
fig-013323,cty1522
fig-013324,cty1523
fig-013325,cty1558
fig-013326,cty1557
fig-013327,cty1535
fig-013328,cty1525
fig-013329,cty1526
fig-013330,cty1540
fig-013331,cty1541
fig-013332,cty1542
fig-013333,cty1543
fig-013334,cty1555
fig-013335,cty1556
fig-013336,cty1552
fig-013337,cty1551
fig-013338,cty1549
fig-013339,cty1550
fig-013340,cty1547
fig-013341,cty1545
fig-013342,cty1546
fig-013343,cty1569
fig-013344,cty1568
fig-013345,cty1566
fig-013346,cty1565
fig-013347,cty1567
fig-013348,cty1589
fig-013349,cty1586
fig-013350,cty1587
fig-013351,cty1588
fig-013352,cty1524
fig-013353,cty1527
fig-013354,cty1531
fig-013355,cty1538
fig-013356,cty1536
fig-013357,cty1537
fig-013358,cty1539
fig-013359,cty1529
fig-013360,cty1530
fig-013361,cty1554
fig-013362,cty1553
fig-013363,cty1519
fig-013364,cty1520
fig-013365,cty1533
fig-013366,cty1532
fig-013368,dp167
fig-013369,dp170
fig-013370,dp169
fig-013371,dp168
fig-013372,dp177
fig-013373,dp176
fig-013374,dp175
fig-013375,dp172
fig-013377,dp171
fig-013378,sh0861
fig-013379,sh0857
fig-013380,sh0856
fig-013381,sh0855
fig-013382,sh0858
fig-013383,sh0859
fig-013384,sh0870
fig-013386,sh0854
fig-013387,sh0871
fig-013388,sh0872
fig-013389,cty1594
fig-013390,sh0852
fig-013391,sh0851
fig-013392,sh0860
fig-013393,sh0853
fig-013394,sw1245
fig-013395,sw1246
fig-013396,sw1247
fig-013397,sw1248
fig-013398,mk110
fig-013399,mk108
fig-013400,mk106
fig-013401,mk107
fig-013402,mk109
fig-013403,mk113
fig-013404,mk111
fig-013405,mk112
fig-013406,mk114
fig-013407,mk115
fig-013408,mk119
fig-013409,mk116
fig-013410,mk118
fig-013412,mk120
fig-013413,mk117
fig-013414,mk132
fig-013415,njo0795
fig-013416,njo0793
fig-013417,njo0791
fig-013418,njo0794
fig-013419,njo0792
fig-013420,njo0790
fig-013421,njo0798
fig-013422,njo0801
fig-013423,njo0800
fig-013424,njo0799
fig-013425,avt015
fig-013426,avt014
fig-013427,avt023
fig-013429,avt022
fig-013430,avt019
fig-013431,avt021
fig-013432,avt016
fig-013433,avt018
fig-013434,avt026
fig-013435,avt027
fig-013436,avt025
fig-013437,avt024
fig-013438,avt020
fig-013439,avt017
fig-013440,cty1570
fig-013441,cty1528
fig-013442,sc104
fig-013443,sw1250
fig-013445,sw1249
fig-013446,sw1251
fig-013447,sw1252
fig-013448,col411
fig-013449,col412
fig-013450,col413
fig-013451,col414
fig-013452,col415
fig-013453,col416
fig-013454,col417
fig-013455,col418
fig-013456,col419
fig-013457,col420
fig-013458,col421
fig-013459,col422
fig-013460,col423
fig-013461,sp134
fig-013463,mar0151
fig-013464,mar0152
fig-013465,mar0153
fig-013466,mar0155
fig-013467,mar0156
fig-013468,mar0157
fig-013470,frnd0715
fig-013472,mar0158
fig-013473,mar0150
fig-013475,mar0159
fig-013477,mar0145
fig-013478,mar0148
fig-013479,mar0147
fig-013480,mar0146
fig-013481,mar0142
fig-013482,mar0149
fig-013483,mar0144
fig-013485,mar0143
fig-013486,twn451
fig-013487,twn452
fig-013488,twn453
fig-013489,twn454
fig-013490,twn455
fig-013491,twn456
fig-013492,twn457
fig-013493,twn458
fig-013494,cty0177
fig-013495,sp135
fig-013496,col410
fig-013497,njo0803
fig-013498,hol323
fig-013499,hol324
fig-013500,gen172
fig-013501,idea147
fig-013502,idea148
fig-013503,idea150
fig-013504,idea149
fig-013505,cty1548
fig-013506,mar0141
fig-013507,hol034
fig-013508,cty0178
fig-013509,cty1571
fig-013510,cty1572
fig-013511,cty1573
fig-013513,gen176
fig-013515,sh0012
fig-013516,hp182b
fig-013518,njo0802
fig-013519,min146
fig-013520,twn460
fig-013521,twn459
fig-013522,cty1574
fig-013523,hp418
fig-013524,sc106
fig-013526,sh0866
fig-013527,sh0868
fig-013528,sh0865
fig-013530,sh0867
fig-013531,hp407
fig-013533,hp405
fig-013534,hp406
fig-013535,hp402
fig-013536,idea157
fig-013538,hp403
fig-013539,idea154
fig-013540,hp404
fig-013541,hp399
fig-013542,idea155
fig-013543,hp401
fig-013544,hp400
fig-013545,hp397
fig-013546,idea156
fig-013548,hp398
fig-013549,idea152
fig-013550,hp396
fig-013551,idea151
fig-013552,idea153
fig-013553,cty1593
fig-013554,twn462
fig-013555,twn461
fig-013556,cty1583
fig-013557,cty1584
fig-013558,cty1582
fig-013559,dp173
fig-013560,dp174
fig-013561,hp413
fig-013562,hp414
fig-013563,hp415
fig-013564,hp416
fig-013565,hp417
fig-013566,cty1578
fig-013567,cty1579
fig-013568,cty1580
fig-013569,cty1581
fig-013570,cty1576
fig-013571,cty1577
fig-013572,cty1575
fig-013573,hp411
fig-013574,hp410
fig-013575,hp412
fig-013577,hp409
fig-013578,hp408
fig-013579,sh0869
fig-013580,sh0863
fig-013581,sh0864
fig-013583,sh0862
fig-013584,cty1592
fig-013585,cty1590
fig-013586,cty1591
fig-013587,sc105
fig-013588,sc109
fig-013589,sc107
fig-013590,sc108
fig-013591,dis084
fig-013592,dis083
fig-013593,dis082
fig-013594,lor112
fig-013595,lor113
fig-013596,lor114
fig-013597,lor115
fig-013598,lor116
fig-013600,lor117
fig-013601,lor118
fig-013602,lor119
fig-013603,lor120
fig-013604,lor121
fig-013605,lor122
fig-013606,lor123
fig-013607,lor124
fig-013609,lor125
fig-013610,lor126
fig-013612,lor127
fig-013613,lor128
fig-013614,lor129
fig-013620,lor130
fig-013622,njo0804
fig-013623,bdp064
fig-013624,bdp063
fig-013625,bdp062
fig-013626,bdp061
fig-013627,bdp060
fig-013628,bdp059
fig-013629,mar0160
fig-013630,bdp082
fig-013631,bdp083
fig-013632,bdp084
fig-013633,bdp085
fig-013634,bdp086
fig-013635,bdp087
fig-013636,bdp088
fig-013637,bdp090
fig-013638,bdp091
fig-013639,bdp092
fig-013640,bdp089
fig-013641,twn449
fig-013642,bdp065
fig-013643,bdp066
fig-013644,bdp067
fig-013645,bdp068
fig-013646,bdp069
fig-013647,bdp070
fig-013648,bdp071
fig-013649,bdp072
fig-013650,bdp073
fig-013651,bdp074
fig-013652,bdp075
fig-013653,bdp078
fig-013654,bdp079
fig-013655,bdp080
fig-013656,bdp081
fig-013658,sw0386
fig-013660,njo0805
fig-013662,sh0873
fig-013663,sh0879
fig-013664,sh0876
fig-013665,sh0878
fig-013666,sh0877
fig-013668,sh0874
fig-013669,sh0875
fig-013671,dis086
fig-013673,dis085
fig-013675,dis088
fig-013677,dis089
fig-013679,dis087
fig-013680,dis090
fig-013681,dis091
fig-013682,bdp076
fig-013683,bdp077
fig-013684,iaj054
fig-013685,iaj053
fig-013686,iaj055
fig-013687,iaj056
fig-013688,iaj051
fig-013689,iaj052
fig-013690,iaj049
fig-013691,iaj050
fig-013692,iaj047
fig-013693,iaj046
fig-013694,iaj048
fig-013695,twn463
fig-013696,twn464
fig-013697,jw102
fig-013699,cty1595
fig-013701,njo0705
fig-013702,sw0202a
fig-013703,min148
fig-013704,idea090
fig-013706,sw1255
fig-013708,dis112
fig-013710,dis110
fig-013711,dis111
fig-013712,dis113
fig-013713,dis114
fig-013714,dis092
fig-013715,dis101
fig-013716,dis102
fig-013717,dis103
fig-013718,dis105
fig-013719,dis107
fig-013720,dis108
fig-013721,dis093
fig-013723,dis095
fig-013724,dis096
fig-013725,dis097
fig-013726,dis099
fig-013727,dis100
fig-013729,dp178
fig-013731,dp179
fig-013732,dp180
fig-013733,sw1256
fig-013734,sw1257
fig-013735,sw1258
fig-013736,sw1259
fig-013737,sw1260
fig-013738,sw1261
fig-013740,sw1262
fig-013742,sw1263
fig-013743,sw1264
fig-013745,sw1265
fig-013747,sw1266
fig-013748,sw1267
fig-013749,dis098
fig-013750,dis106
fig-013751,dis104
fig-013752,dis109
fig-013753,dis094
fig-013754,njo0807
fig-013755,twn483
fig-013756,cty1600
fig-013757,cty1601
fig-013758,gen174
fig-013760,njo0806
fig-013761,cty1602
fig-013763,njo0808
fig-013765,njo0809
fig-013766,njo0810
fig-013767,njo0817
fig-013769,njo0811
fig-013771,njo0813
fig-013772,njo0823
fig-013773,njo0812
fig-013774,njo0822
fig-013775,njo0821
fig-013776,njo0815
fig-013778,njo0818
fig-013779,njo0826
fig-013781,njo0816
fig-013782,njo0824
fig-013783,njo0825
fig-013784,njo0827
fig-013786,njo0814
fig-013787,njo0820
fig-013788,njo0819
fig-013789,njo0838
fig-013790,njo0839
fig-013791,njo0840
fig-013792,njo0841
fig-013793,njo0842
fig-013794,njo0846
fig-013795,njo0828
fig-013796,njo0829
fig-013797,njo0830
fig-013798,njo0835
fig-013799,njo0832
fig-013800,njo0836
fig-013802,njo0837
fig-013803,njo0844
fig-013804,njo0845
fig-013805,njo0834
fig-013806,njo0833
fig-013807,njo0831
fig-013808,njo0843
fig-013809,sh0881
fig-013810,pln196
fig-013811,hp440
fig-013812,hp439
fig-013813,hp438
fig-013814,hp441
fig-013815,hp434
fig-013816,hp431
fig-013817,hp432
fig-013818,hp437
fig-013819,hp436
fig-013820,njo0240
fig-013821,hp419
fig-013822,hp420
fig-013824,hp422
fig-013825,hp421
fig-013826,hp423
fig-013827,hp424
fig-013829,hp425
fig-013830,hp426
fig-013832,dis117
fig-013833,mk121
fig-013834,dis118
fig-013835,mk122
fig-013836,dis119
fig-013837,mk123
fig-013838,dis120
fig-013839,dis121
fig-013840,mk124
fig-013841,dis122
fig-013842,dis124
fig-013843,mk125
fig-013844,dis123
fig-013845,mk126
fig-013847,dis125
fig-013849,dis126
fig-013850,dis116
fig-013851,mk128
fig-013853,dp182
fig-013854,dp184
fig-013855,mk127
fig-013856,dp183
fig-013857,dp185
fig-013859,dis115
fig-013860,mk129
fig-013862,dp181
fig-013863,dis130
fig-013864,dis129
fig-013866,dis127
fig-013867,mk131
fig-013868,mk130
fig-013869,dis128
fig-013870,jw111
fig-013871,jw114
fig-013872,jw113
fig-013873,jw112
fig-013874,jw109
fig-013875,jw110
fig-013876,jw106
fig-013877,jw107
fig-013878,jw108
fig-013879,jw116
fig-013880,jw115
fig-013881,jw104
fig-013882,jw105
fig-013883,jw103
fig-013884,twn465
fig-013886,sw1270
fig-013887,sw1268
fig-013888,sw1269
fig-013889,frnd0634
fig-013890,frnd0635
fig-013891,frnd0636
fig-013892,frnd0624
fig-013893,frnd0625
fig-013894,frnd0626
fig-013895,frnd0652
fig-013896,frnd0637
fig-013898,frnd0646
fig-013899,frnd0647
fig-013900,frnd0656
fig-013902,frnd0657
fig-013903,frnd0658
fig-013904,frnd0659
fig-013905,frnd0648
fig-013906,frnd0649
fig-013907,frnd0650
fig-013908,frnd0651
fig-013909,frnd0653
fig-013910,frnd0654
fig-013911,frnd0655
fig-013912,frnd0642
fig-013913,frnd0643
fig-013914,frnd0644
fig-013915,frnd0645
fig-013916,frnd0638
fig-013917,frnd0639
fig-013918,frnd0640
fig-013919,frnd0641
fig-013920,frnd0620
fig-013921,frnd0621
fig-013922,frnd0633
fig-013923,frnd0623
fig-013924,frnd0622
fig-013925,frnd0630
fig-013926,frnd0631
fig-013927,frnd0632
fig-013928,frnd0629
fig-013929,frnd0627
fig-013930,frnd0628
fig-013931,cty1661
fig-013932,cty1660
fig-013933,cty1615
fig-013934,cty1616
fig-013935,cty1617
fig-013936,cty1626
fig-013937,cty1628
fig-013938,cty1625
fig-013939,cty1627
fig-013940,cty1649
fig-013941,cty1647
fig-013942,cty1651
fig-013943,cty1642
fig-013944,cty1643
fig-013945,cty1644
fig-013946,cty1645
fig-013947,cty1646
fig-013948,cty1648
fig-013949,cty1650
fig-013950,cty1652
fig-013951,cty1653
fig-013952,cty1654
fig-013953,cty1655
fig-013954,cty1662
fig-013955,cty1663
fig-013956,cty1664
fig-013957,cty1604
fig-013958,cty1605
fig-013959,cty1603
fig-013960,cty1606
fig-013961,cty1657
fig-013962,cty1609
fig-013963,cty1656
fig-013964,cty1640
fig-013965,cty1659
fig-013966,cty1641
fig-013967,cty1658
fig-013968,cty1611
fig-013969,cty1630
fig-013970,cty1629
fig-013971,cty1612
fig-013972,cty1639
fig-013973,cty1614
fig-013974,cty1610
fig-013975,cty1613
fig-013976,cty1607
fig-013977,cty1608
fig-013978,cty1638
fig-013979,cty1633
fig-013980,cty1631
fig-013981,cty1632
fig-013982,cty1636
fig-013983,cty1637
fig-013984,cty1634
fig-013985,cty1635
fig-013986,cty1620
fig-013987,cty1621
fig-013988,cty1622
fig-013989,cty1623
fig-013990,cty1624
fig-013991,cty1619
fig-013992,twn468
fig-013993,sh0880
fig-013994,sh0882
fig-013996,sh0883
fig-013997,sh0885
fig-013998,sh0884
fig-013999,sh0886
fig-014001,sh0887
fig-014002,twn470
fig-014003,twn469
fig-014004,soc154
fig-014005,soc157
fig-014006,soc158
fig-014007,soc155
fig-014008,soc156
fig-014009,soc159
fig-014010,soc168
fig-014011,soc164
fig-014012,soc165
fig-014013,soc166
fig-014014,soc167
fig-014015,soc160
fig-014016,soc163
fig-014017,soc161
fig-014018,soc162
fig-014025,hp433
fig-014026,hp435
fig-014027,crs013
fig-014028,crs009
fig-014029,crs082
fig-014030,crs087
fig-014031,crs064
fig-014032,crs089
fig-014033,crs083
fig-014034,crs088
fig-014035,crs085
fig-014036,crs086
fig-014037,crs096
fig-014038,crs092
fig-014039,crs094
fig-014041,crs112
fig-014042,crs109
fig-014043,crs067
fig-014044,crs065
fig-014045,crs099
fig-014046,crs100
fig-014047,crs107
fig-014048,crs108
fig-014049,crs037
fig-014050,crs038
fig-014051,crs041
fig-014052,crs042
fig-014053,crs043
fig-014054,crs039
fig-014055,crs040
fig-014056,crs111
fig-014057,crs106
fig-014058,crs110
fig-014059,crs072
fig-014060,crs081
fig-014061,crs074
fig-014062,crs066
fig-014063,crs073
fig-014064,sw0230
fig-014065,crs093
fig-014068,crs097
fig-014070,sw0092
fig-014072,crs076
fig-014073,crs078
fig-014074,crs077
fig-014075,crs075
fig-014076,crs080
fig-014077,crs079
fig-014078,crs095
fig-014079,crs084
fig-014080,crs105
fig-014081,crs091
fig-014082,crs102
fig-014083,crs091
fig-014084,crs101
fig-014085,crs104
fig-014086,crs103
fig-014087,crs070
fig-014088,crs071
fig-014089,crs068
fig-014090,crs069
fig-014091,cty1618
fig-014092,bdp093
fig-014093,bdp094
fig-014094,bdp095
fig-014095,bdp096
fig-014096,dis134
fig-014097,dis135
fig-014099,dis138
fig-014100,dis137
fig-014101,dis136
fig-014102,dis133
fig-014103,dis132
fig-014105,dis131
fig-014106,idea163
fig-014107,idea161
fig-014108,idea159
fig-014109,idea158
fig-014110,idea160
fig-014111,idea162
fig-014112,pi188
fig-014113,pi189
fig-014114,pi190
fig-014116,pi191
fig-014117,pi196
fig-014118,pi193
fig-014119,pi192
fig-014120,pi194
fig-014121,pi195
fig-014122,hp442
fig-014123,pln197
fig-014124,cas439
fig-014125,cas461
fig-014126,min152
fig-014127,min151
fig-014129,njo0847
fig-014130,twn466
fig-014131,cty1665
fig-014132,frnd0660
fig-014133,fab2c
fig-014134,fab2a
fig-014135,fab2g
fig-014136,fab2e
fig-014138,sw1272
fig-014139,drm013
fig-014140,drm004
fig-014141,drm017
fig-014142,drm018
fig-014143,drm019
fig-014144,drm006
fig-014145,drm011
fig-014146,drm010
fig-014147,drm021
fig-014148,drm030
fig-014149,drm012
fig-014150,drm028
fig-014151,drm007
fig-014152,drm022
fig-014153,drm023
fig-014154,drm025
fig-014155,drm024
fig-014156,drm026
fig-014157,drm005
fig-014158,drm020
fig-014159,drm032
fig-014160,drm029
fig-014161,drm027
fig-014162,drm015
fig-014163,drm002
fig-014164,drm016
fig-014165,drm014
fig-014166,drm009
fig-014167,drm003
fig-014168,drm008
fig-014169,drm001
fig-014170,gdh005
fig-014171,gdh004
fig-014172,gdh001
fig-014173,gdh006
fig-014174,gdh002
fig-014175,son001
fig-014176,son002
fig-014177,son004
fig-014178,son003
fig-014179,son005
fig-014180,min153
fig-014181,min150
fig-014182,min155
fig-014183,min156
fig-014184,sh0906
fig-014185,sh0910
fig-014187,sw1275
fig-014188,sw1274
fig-014190,sw1273
fig-014192,sw1288
fig-014193,sw1276
fig-014194,sw1278
fig-014195,sw1277
fig-014196,sw1287
fig-014199,sw1283
fig-014202,sw1284
fig-014203,sw1282
fig-014204,sw1140
fig-014205,sw1280
fig-014206,sw1279
fig-014207,sw1281
fig-014209,sw1285
fig-014210,sw1286
fig-014212,sh0901
fig-014213,sh0899
fig-014214,sh0902
fig-014215,sh0903
fig-014216,sh0900
fig-014217,sh0892
fig-014218,sh0889
fig-014219,sh0888
fig-014220,sh0890
fig-014221,sh0891
fig-014223,sh0894
fig-014224,sh0893
fig-014225,sh0896
fig-014226,sh0898
fig-014227,sh0897
fig-014228,cty1667
fig-014229,cty1666
fig-014230,cty1668
fig-014231,cty1669
fig-014232,cty1670
fig-014233,cty1671
fig-014234,cty1672
fig-014235,twn477
fig-014236,twn478
fig-014237,twn479
fig-014238,twn481
fig-014239,twn480
fig-014240,twn475
fig-014241,twn476
fig-014242,twn473
fig-014243,twn474
fig-014244,twn471
fig-014245,twn472
fig-014246,mar0175
fig-014247,mar0165
fig-014248,mar0166
fig-014249,mar0164
fig-014250,mar0170
fig-014251,mar0163
fig-014252,mar0168
fig-014253,mar0161
fig-014255,mar0162
fig-014256,mar0169
fig-014257,mar0172
fig-014258,mar0171
fig-014259,sh0895
fig-014260,son009
fig-014261,son010
fig-014262,son008
fig-014263,son007
fig-014265,son006
fig-014266,sw1296
fig-014267,sw1294
fig-014269,twn429
fig-014270,cty1687
fig-014271,hp464
fig-014273,sw1297
fig-014274,sw1298
fig-014275,cty1682
fig-014276,cty1683
fig-014277,cty1684
fig-014278,cty1685
fig-014279,cty1686
fig-014281,hol325
fig-014282,frnd0667
fig-014283,frnd0668
fig-014284,sh0908
fig-014285,sh0909
fig-014286,sh0905
fig-014287,sh0907
fig-014288,sh0904
fig-014290,sw1299
fig-014291,sw1302
fig-014292,sw1301
fig-014293,sw1300
fig-014294,sw1308
fig-014295,sw1310
fig-014296,sw1307
fig-014297,sw1309
fig-014298,sw1311
fig-014299,hp459
fig-014300,hp458
fig-014301,hp462
fig-014302,hp460
fig-014303,hp461
fig-014304,hp463
fig-014305,hp457
fig-014306,sw1303
fig-014307,sw1305
fig-014309,sw1306
fig-014311,sw1304
fig-014312,sw1289
fig-014313,sw1290
fig-014314,sw1291
fig-014315,sw1292
fig-014316,sw1293
fig-014317,cty1678
fig-014318,cty1679
fig-014319,cty1681
fig-014320,cty1680
fig-014321,cty1673
fig-014322,cty1674
fig-014323,cty1675
fig-014324,cty1677
fig-014326,dis142
fig-014328,dis141
fig-014329,dis140
fig-014330,frnd0666
fig-014331,frnd0665
fig-014332,frnd0664
fig-014333,frnd0661
fig-014334,frnd0662
fig-014335,frnd0663
fig-014336,hp446
fig-014337,hp443
fig-014338,hp455
fig-014339,hp453
fig-014340,hp447
fig-014341,hp449
fig-014342,hp450
fig-014343,hp454
fig-014344,dis139
fig-014346,hp452
fig-014347,hp448
fig-014348,hp451
fig-014349,hp445
fig-014350,sw1314
fig-014352,sw1312
fig-014353,sw1295
fig-014354,hp444
fig-014355,colmar13
fig-014356,colmar14
fig-014357,colmar15
fig-014358,colmar16
fig-014359,colmar17
fig-014360,colmar18
fig-014361,colmar19
fig-014362,colmar20
fig-014363,colmar21
fig-014364,colmar22
fig-014365,colmar23
fig-014366,colmar24
fig-014367,drm033
fig-014368,min154
fig-014369,son011
fig-014370,jw118
fig-014371,mar0176
fig-014374,hp456
fig-014375,cty1688
fig-014376,sw1317
fig-014377,sw1318
fig-014378,dis143
fig-014379,dis148
fig-014380,dis149
fig-014381,dis144
fig-014382,dis145
fig-014383,hol326
fig-014384,hol327
fig-014385,hol328
fig-014386,hol329
fig-014387,hol330
fig-014388,sh0911
fig-014389,sh0912
fig-014390,sh0913
fig-014391,sw1316
fig-014392,sw1315
fig-014393,idea167
fig-014394,idea168
fig-014395,idea170
fig-014396,idea169
fig-014397,tls114
fig-014398,sw1313
fig-014399,porg06
fig-014400,porg05
fig-014401,porg04
fig-014402,porg03
fig-014403,porg02
fig-014404,porg01
fig-014405,gen180
fig-014406,mar0173
fig-014407,mar0174
fig-014409,dis147
fig-014410,pi197
fig-014411,cty1689
fig-014412,idea171
fig-014413,sp139
fig-014414,sp137
fig-014415,sp138
fig-014417,hp465
fig-014418,cty1690
fig-014420,cas580
fig-014421,cas581
fig-014422,hol332
fig-014423,hol331
fig-014424,njo0848
fig-014425,sh0914
fig-014426,llp002a
fig-014427,sh0934
fig-014428,drm034
fig-014429,sh0932
fig-014430,sh0915
fig-014431,sh0917
fig-014432,sh0918
fig-014433,sh0919
fig-014434,sh0921
fig-014435,sh0923
fig-014436,sh0924
fig-014437,sh0925
fig-014438,sh0926
fig-014439,sh0916
fig-014440,sh0920
fig-014441,sh0922
fig-014442,sh0930
fig-014443,sh0927
fig-014446,sh0928
fig-014447,sh0929
fig-014448,sh0931
fig-014449,tlm106
fig-014452,sw1234
fig-014453,sw1271
fig-014455,sw1254
fig-014457,twn490
fig-014458,twn485
fig-014459,twn491
fig-014460,twn484
fig-014461,twn488
fig-014462,twn489
fig-014463,twn492
fig-014464,twn486
fig-014465,twn487
fig-014466,son012
fig-014467,son013
fig-014468,min159
fig-014469,min157
fig-014470,min158
fig-014471,dp029s
fig-014472,dp030s
fig-014473,dp027s
fig-014475,idea172
fig-014476,idea173
fig-014477,idea174
fig-014478,idea175
fig-014479,idea176
fig-014480,idea177
fig-014481,idea178
fig-014482,idea179
fig-014483,hol335
fig-014484,hol334
fig-014485,hol333
fig-014486,hol349
fig-014487,hol350
fig-014488,hol351
fig-014489,hol352
fig-014490,sh0933
fig-014491,njo0849
fig-014492,cty1691
fig-014493,mar0177
fig-014495,mar0178
fig-014496,hol338
fig-014497,hol343
fig-014498,hol342
fig-014499,hol339
fig-014500,hol344
fig-014501,hol341
fig-014502,hol347
fig-014503,hol345
fig-014504,hol337
fig-014505,hol340
fig-014506,hol346
fig-014507,hol336
fig-014508,hol348
fig-014510,frnd0683
fig-014512,frnd0684
fig-014514,frnd0679
fig-014516,frnd0681
fig-014517,frnd0677
fig-014519,frnd0676
fig-014520,frnd0678
fig-014521,frnd0682
fig-014522,frnd0680
fig-014523,drm036
fig-014524,drm039
fig-014525,drm040
fig-014526,drm038
fig-014527,drm043
fig-014528,drm035
fig-014529,drm037
fig-014530,drm041
fig-014532,drm042
fig-014533,mk151
fig-014534,mk152
fig-014535,mk153
fig-014536,mk154
fig-014537,mk155
fig-014538,mk156
fig-014539,mk150
fig-014540,mk149
fig-014541,mk133
fig-014542,mk134
fig-014543,mk135
fig-014544,mk136
fig-014545,mk138
fig-014546,mk139
fig-014547,mk140
fig-014548,mk142
fig-014549,mk143
fig-014550,mk144
fig-014551,mk145
fig-014552,mk146
fig-014553,mk147
fig-014554,mk148
fig-014555,mk141
fig-014556,min162
fig-014557,min163
fig-014558,min161
fig-014559,min160
fig-014560,min164
fig-014561,min165
fig-014562,min166
fig-014563,njo0851
fig-014564,njo0850
fig-014565,sh0939
fig-014566,njo0854
fig-014567,sh0941
fig-014569,njo0852
fig-014570,njo0853
fig-014571,sh0940
fig-014573,njo0863
fig-014574,sh0942
fig-014575,njo0869
fig-014576,njo0855
fig-014577,njo0857
fig-014578,njo0856
fig-014580,njo0858
fig-014582,njo0859
fig-014583,njo0861
fig-014585,njo0860
fig-014587,njo0867
fig-014588,sh0943
fig-014589,njo0862
fig-014591,njo0864
fig-014593,njo0865
fig-014594,njo0866
fig-014595,sh0948
fig-014596,sh0938
fig-014597,sh0945
fig-014598,sh0936
fig-014599,sh0937
fig-014600,sh0935
fig-014601,sh0946
fig-014602,son015
fig-014603,son016
fig-014604,hol354
fig-014605,hol353
fig-014606,jw120
fig-014607,jw119
fig-014609,dp192
fig-014610,dp190
fig-014611,frnd0720
fig-014612,frnd0723
fig-014613,frnd0721
fig-014614,frnd0722
fig-014615,frnd0724
fig-014617,dis150
fig-014618,dis151
fig-014619,dis152
fig-014620,dp188
fig-014621,dp187
fig-014623,dp186
fig-014625,dp189
fig-014627,dis153
fig-014628,cty1760
fig-014629,sh0944
fig-014630,cty1710
fig-014631,cty1712
fig-014632,cty1711
fig-014633,twn496
fig-014639,frnd0669
fig-014640,frnd0670
fig-014641,frnd0734
fig-014642,frnd0704
fig-014643,frnd0689
fig-014644,col435
fig-014645,col434
fig-014646,col433
fig-014647,col432
fig-014648,col431
fig-014649,col430
fig-014650,col429
fig-014651,col428
fig-014652,col427
fig-014653,col426
fig-014654,col425
fig-014655,col424
fig-014656,frnd0718
fig-014657,frnd0719
fig-014658,frnd0717
fig-014659,frnd0728
fig-014660,frnd0726
fig-014661,frnd0686
fig-014662,sw1319
fig-014663,sw1320
fig-014665,sw1321
fig-014666,frnd0695
fig-014667,frnd0696
fig-014668,frnd0697
fig-014671,frnd0698
fig-014672,frnd0699
fig-014673,frnd0700
fig-014675,mar0179
fig-014676,mar0182
fig-014677,mar0183
fig-014678,twn494
fig-014679,twn493
fig-014680,njo0574a
fig-014683,mar0180
fig-014684,mar0181
fig-014685,cty1699
fig-014686,cty1700
fig-014687,cty1701
fig-014688,cty1702
fig-014689,cty1703
fig-014690,cty1704
fig-014691,cty1705
fig-014692,cty1749
fig-014693,cty1750
fig-014694,cty1751
fig-014695,cty1752
fig-014697,njo0868
fig-014698,njo0886
fig-014705,son014
fig-014706,sh0947
fig-014707,cas457
fig-014708,cas452
fig-014709,cas456
fig-014710,cas454
fig-014713,cas455
fig-014714,cas453
fig-014716,cty0179
fig-014718,cty1728
fig-014719,dun001
fig-014720,dun002
fig-014721,dun003
fig-014722,dun004
fig-014723,dun005
fig-014724,dun006
fig-014725,dun007
fig-014726,dun008
fig-014727,par017
fig-014728,njo0878
fig-014729,min169
fig-014730,sh0987
fig-014731,sp140
fig-014732,sp141
fig-014733,llp034
fig-014734,llp036
fig-014735,hp479
fig-014737,cty1756
fig-014738,dis154
fig-014739,ani008
fig-014740,ani009
fig-014741,ani005
fig-014742,ani006
fig-014743,ani004
fig-014744,ani003
fig-014745,ani001
fig-014746,ani002
fig-014747,ani007
fig-014748,dis155
fig-014749,dis156
fig-014750,dis159
fig-014751,dis158
fig-014752,dis160
fig-014753,dis161
fig-014754,dis157
fig-014755,hp473
fig-014757,hp472
fig-014758,hp471
fig-014759,hp470
fig-014760,hp468
fig-014761,hp466
fig-014762,hp467
fig-014763,hp469
fig-014764,hp478
fig-014765,hp477
fig-014766,hp476
fig-014767,hp474
fig-014768,hp475
fig-014769,hp482
fig-014770,hp481
fig-014771,sc112
fig-014772,twn497
fig-014773,njo0884
fig-014775,njo0885
fig-014776,njo0877
fig-014778,njo0888
fig-014780,njo0870
fig-014781,njo0871
fig-014782,njo0872
fig-014784,njo0873
fig-014786,njo0875
fig-014788,njo0876
fig-014790,njo0874
fig-014792,njo0880
fig-014794,njo0882
fig-014795,njo0879
fig-014797,njo0883
fig-014798,njo0881
fig-014799,sw1325
fig-014802,sw1326
fig-014804,sw1327
fig-014805,sw1328
fig-014806,sw1329
fig-014807,cas586
fig-014809,cas587
fig-014810,cas588
fig-014811,cas589
fig-014812,cas582
fig-014813,cas583
fig-014814,cas584
fig-014815,cas585
fig-014816,sc111
fig-014817,sc110
fig-014818,sc113
fig-014819,sc114
fig-014820,sh0950
fig-014821,sh0951
fig-014822,sh0949
fig-014824,sh0955
fig-014825,sh0957
fig-014826,sh0952
fig-014827,sh0954
fig-014828,sh0953
fig-014829,twn498
fig-014830,twn499
fig-014831,twn500
fig-014832,njo0008
fig-014833,njo0887
fig-014835,drm044
fig-014836,twn482
fig-014837,min168
fig-014838,cty1055
fig-014839,cty0601
fig-014840,llp035
fig-014841,cty1761
fig-014842,sh0956
fig-014843,frnd0736
fig-014845,cty1763
fig-014846,cty1764
fig-014847,idea180
fig-014848,idea181
fig-014849,idea182
fig-014850,idea183
fig-014851,idea184
fig-014852,idea185
fig-014853,idea186
fig-014854,idea187
fig-014855,idea188
fig-014857,sh0958
fig-014859,sh0959
fig-014861,sh0960
fig-014862,sh0961
fig-014863,njo0889
fig-014864,belvfemale28a
fig-014865,belvfemale59a
fig-014866,belvfairy07a
fig-014867,belvfairy01a
fig-014868,belvmale11a
fig-014869,belvfemale47a
fig-014872,belvfemale49
fig-014873,belvfairy09a
fig-014874,belvfemale42a
fig-014875,belvfemale35a
fig-014876,belvfemale32a
fig-014877,belvfemale31a
fig-014878,belvfemale61a
fig-014879,belvfemale60a
fig-014880,belvmale15a
fig-014881,belvfemale21b
fig-014882,belvfemale21a
fig-014883,belvfemale69a
fig-014884,belvfemale68a
fig-014885,belvfemale36a
fig-014886,belvfemale05a
fig-014887,belvfemale70a
fig-014888,belvmale10a
fig-014889,belvfemale57a
fig-014890,belvfemale37a
fig-014891,belvfemale16a
fig-014892,belvfemale27a
fig-014893,belvfemale06a
fig-014894,belvfemale44a
fig-014895,belvfemale20b
fig-014897,belvfemale12a
fig-014898,belvfemale20a
fig-014899,belvmale01a
fig-014900,belvfemale08a
fig-014901,belvmale17a
fig-014902,belvfemale67a
fig-014903,belvfemale53a
fig-014904,belvfemale24c
fig-014905,belvfemale15a
fig-014906,belvfemale64a
fig-014907,belvfemale09a
fig-014908,belvfemale18a
fig-014910,belvfairy04a
fig-014911,belvfemale14a
fig-014912,belvmale07a
fig-014913,belvfairy06a
fig-014915,belvfemale24b
fig-014916,belvfemale51a
fig-014917,belvfemale29a
fig-014918,belvfemale30a
fig-014919,belvfemale07a
fig-014920,belvfemale73a
fig-014921,belvfemale10a
fig-014922,belvfemale17b
fig-014923,belvfairy02a
fig-014924,belvfemale72a
fig-014925,belvmale18a
fig-014926,belvfemale71a
fig-014927,belvfemale65a
fig-014928,belvfemale66a
fig-014929,belvmale04a
fig-014930,belvfemale48a
fig-014931,belvfemale39b
fig-014932,belvfemale71b
fig-014933,belvfemale78a
fig-014934,belvfemale63a
fig-014935,belvfemale62a
fig-014936,belvfemale76a
fig-014937,belvfemale75a
fig-014938,belvfemale50a
fig-014939,belvmale20a
fig-014940,belvfemale79a
fig-014941,belvfemale55a
fig-014942,belvfemale56a
fig-014943,belvmale14a
fig-014944,belvfemale54a
fig-014945,belvfemale39a
fig-014947,mk157
fig-014948,crs067
fig-014949,col448
fig-014950,col447
fig-014951,col446
fig-014952,col445
fig-014953,col444
fig-014954,col443
fig-014955,col442
fig-014956,col441
fig-014957,col440
fig-014958,col439
fig-014959,col438
fig-014960,col437
fig-014961,col436
fig-014962,sp144
fig-014963,dis162
fig-014964,dis163
fig-014965,sw1338
fig-014966,mnn028
fig-014967,twn503
fig-014968,twn504
fig-014969,mnn017
fig-014970,mnn018
fig-014971,mnn020
fig-014972,mnn019
fig-014973,mnn021
fig-014974,mnn022
fig-014975,mnn023
fig-014976,mnn024
fig-014977,mnn025
fig-014978,mnn026
fig-014979,mnn027
fig-014980,mnn029
fig-014981,mnn030
fig-014982,mnn031
fig-014983,mnn032
fig-014984,mnn033
fig-014985,mnn016
fig-014986,sw1331
fig-014987,sw1333
fig-014988,sw1334a
fig-014990,sw1332
fig-014991,sw1335
fig-014992,sw1336
fig-014993,sw1337
fig-014994,min181
fig-014995,cty1762
fig-014996,sw1330
fig-014998,dis164
fig-014999,dis165
fig-015000,sp142
fig-015001,sp143
fig-015002,hp179b
fig-015004,sw1340
fig-015005,sw1339
fig-015006,sw0214
fig-015007,twn501
fig-015008,twn502
fig-015009,min180
fig-015011,njo0890
fig-015012,frnd0768
fig-015013,frnd0769
fig-015014,frnd0770
fig-015015,frnd0745
fig-015016,frnd0746
fig-015017,frnd0747
fig-015018,frnd0737
fig-015019,frnd0738
fig-015022,frnd0744
fig-015023,frnd0743
fig-015024,frnd0740
fig-015025,frnd0741
fig-015026,frnd0742
fig-015027,frnd0739
fig-015028,frnd0752
fig-015029,frnd0753
fig-015030,frnd0754
fig-015031,frnd0765
fig-015032,frnd0767
fig-015034,frnd0766
fig-015035,frnd0764
fig-015036,frnd0755
fig-015037,frnd0756
fig-015039,frnd0757
fig-015040,frnd0758
fig-015041,frnd0759
fig-015042,dis166
fig-015045,dp193
fig-015046,dp194
fig-015048,dp197
fig-015050,dp196
fig-015052,moa005
fig-015053,dp195
fig-015054,dis167
fig-015055,dis169
fig-015056,dis168
fig-015057,dis170
fig-015058,frnd0748
fig-015059,frnd0749
fig-015060,frnd0750
fig-015061,frnd0751
fig-015062,sw1341
fig-015063,sw1342
fig-015064,sw1343
fig-015065,sw1344
fig-015066,sw1345
fig-015067,sw1346
fig-015068,jw125
fig-015069,jw123
fig-015070,jw126
fig-015071,jw124
fig-015072,jw121
fig-015073,jw122
fig-015074,sh0964
fig-015075,sh0965
fig-015076,sh0963
fig-015077,sh0962
fig-015079,min170
fig-015080,min171
fig-015081,min178
fig-015082,min179
fig-015083,min174
fig-015085,min173
fig-015086,min175
fig-015087,min176
fig-015088,min177
fig-015089,min188
fig-015091,gdh008
fig-015092,meowl01
fig-015093,gdh011
fig-015094,hp493
fig-015095,hp491
fig-015096,hp492
fig-015097,hp494
fig-015098,hp497
fig-015099,hp498
fig-015100,hp500
fig-015102,hp499
fig-015103,hp506
fig-015104,hp502
fig-015105,hp503
fig-015108,hp504
fig-015109,hp505
fig-015111,hp496
fig-015112,hp495
fig-015113,hp490
fig-015114,hp487
fig-015116,hp480
fig-015117,hp484
fig-015118,hp486
fig-015120,hp488
fig-015121,hp485
fig-015122,hp489
fig-015123,lor141
fig-015124,lor136
fig-015125,lor138
fig-015126,lor137
fig-015127,lor139
fig-015128,lor140
fig-015129,lor134
fig-015130,lor133
fig-015131,lor131
fig-015132,lor135
fig-015133,lor132
fig-015134,mk164
fig-015135,mk163
fig-015136,mk159
fig-015137,mk160
fig-015138,mk158
fig-015139,mk161
fig-015140,mk162
fig-015141,mk171
fig-015142,mk172
fig-015143,mk173
fig-015144,mk167
fig-015145,mk165
fig-015146,mk166
fig-015147,mk170
fig-015148,mk168
fig-015149,mk169
fig-015150,mk174
fig-015152,njo0896
fig-015154,njo0898
fig-015155,njo0911
fig-015157,njo0909
fig-015159,njo0912
fig-015160,njo0915
fig-015161,njo0916
fig-015162,njo0899
fig-015163,njo0902
fig-015164,njo0901
fig-015166,njo0892
fig-015167,njo0904
fig-015169,njo0891
fig-015171,njo0908
fig-015173,njo0906
fig-015174,njo0897
fig-015175,njo0893
fig-015176,njo0907
fig-015177,njo0914
fig-015178,njo0913
fig-015179,njo0910
fig-015180,njo0917
fig-015181,njo0905
fig-015184,njo0894
fig-015185,njo0895
fig-015186,min189
fig-015187,sc115
fig-015188,sc118
fig-015189,sc119
fig-015190,sc117
fig-015191,sc116
fig-015192,twn505
fig-015193,twn506
fig-015194,cty1811
fig-015195,cty1808
fig-015196,cty1809
fig-015197,cty1810
fig-015198,cty1776
fig-015199,cty1766
fig-015200,cty1777
fig-015201,cty1778
fig-015202,cty1779
fig-015203,cty1774
fig-015204,cty1773
fig-015206,cty1765
fig-015207,cty1804
fig-015208,cty1805
fig-015209,cty1806
fig-015210,cty1807
fig-015211,cty1802
fig-015212,cty1800
fig-015213,cty1801
fig-015214,cty1803
fig-015215,cty1787
fig-015216,cty1788
fig-015217,cty1789
fig-015218,cty1815
fig-015219,cty1812
fig-015220,cty1814
fig-015221,cty1813
fig-015222,cty1770
fig-015223,cty1769
fig-015224,cty1772
fig-015225,cty1771
fig-015226,cty1780
fig-015228,njo0900
fig-015229,cty1818
fig-015230,cty1817
fig-015231,cty1819
fig-015232,cty1816
fig-015233,hp483
fig-015234,cty1768
fig-015235,min172
fig-015236,gen183
fig-015238,sw1347
fig-015239,gdh010
fig-015240,cty1791
fig-015241,cty1792
fig-015242,cty1793
fig-015243,cty1798
fig-015244,cty1799
fig-015245,cty1795
fig-015246,cty1796
fig-015247,cty1797
fig-015248,bdp097
fig-015249,bdp098
fig-015250,bdp099
fig-015251,bdp100
fig-015252,bdp101
fig-015253,bdp103
fig-015254,bdp104
fig-015255,bdp102
fig-015256,bdp105
fig-015257,njo0946
fig-015258,bdp106
fig-015259,bdp107
fig-015260,bdp108
fig-015261,bdp109
fig-015262,bdp110
fig-015263,bdp111
fig-015264,bdp112
fig-015265,tech008a
fig-015266,tech013a
fig-015267,cty1775
fig-015268,hol037a
fig-015269,bdp113
fig-015270,bdp114
fig-015271,bdp115
fig-015272,bdp116
fig-015273,bdp117
fig-015274,bdp119
fig-015275,bdp118
fig-015276,bdp120
fig-015277,bdp121
fig-015278,bdp122
fig-015279,bdp123
fig-015280,bdp124
fig-015281,bdp125
fig-015283,sw0387
fig-015287,hp507
fig-015288,sw0273
fig-015289,sw0274
fig-015290,hp518
fig-015291,cty1767
fig-015292,ani010
fig-015293,ani011
fig-015294,ani014
fig-015295,ani012
fig-015296,ani013
fig-015297,son024
fig-015298,son018
fig-015299,son021
fig-015300,son019
fig-015305,sw1370
fig-015306,sw1369
fig-015308,sw1371
fig-015309,sw1372
fig-015311,sw1373
fig-015312,sw1374
fig-015313,sw1375
fig-015314,sw1376
fig-015315,sw1377
fig-015316,sw1362
fig-015317,sw1359
fig-015318,sw1360
fig-015319,sw1361
fig-015321,sw1348
fig-015322,sw1394
fig-015323,sw1378
fig-015324,sw1379
fig-015325,sw1380
fig-015326,sw1354
fig-015327,sw1357
fig-015328,sw1356
fig-015329,sw1355
fig-015330,sw1358
fig-015331,sw1350
fig-015332,sw1352
fig-015333,sw1351
fig-015334,sw1349
fig-015335,sw1353
fig-015337,sw1367
fig-015339,sw1368
fig-015340,sw1364
fig-015341,sw1366
fig-015343,sw1363
fig-015345,sw1365
fig-015346,sc121
fig-015347,sc120
fig-015348,cty1784
fig-015349,cty1782
fig-015350,cty1781
fig-015351,cty1785
fig-015352,cty1786
fig-015353,cty1783
fig-015354,sh0979
fig-015355,sh0980
fig-015356,sh0982
fig-015357,sh0977
fig-015358,sh0976
fig-015360,sh0975
fig-015361,sh0974
fig-015362,sh0983
fig-015363,sh0970
fig-015365,drm058
fig-015366,drm059
fig-015368,drm056
fig-015369,drm053
fig-015370,drm054
fig-015371,drm055
fig-015372,drm052
fig-015373,drm051
fig-015374,drm061
fig-015375,drm057
fig-015376,drm047
fig-015377,drm046
fig-015378,drm045
fig-015379,drm082
fig-015380,drm049
fig-015381,drm048
fig-015382,drm060
fig-015383,drm065
fig-015384,drm062
fig-015385,drm063
fig-015386,drm066
fig-015388,drm064
fig-015389,sh0966
fig-015390,sh0971
fig-015391,sh0973
fig-015393,sh0972
fig-015394,sh0969
fig-015395,sh0967
fig-015396,sh0968
fig-015398,cty1790
fig-015399,son017
fig-015400,idea189
fig-015401,idea191
fig-015402,idea190
fig-015404,mar0189
fig-015405,mar0188
fig-015407,mar0187
fig-015409,mar0186
fig-015410,mar0185
fig-015411,mar0184
fig-015412,min182
fig-015414,min183
fig-015416,min184
fig-015417,min186
fig-015418,min187
fig-015420,sp006new
fig-015423,sp003new
fig-015425,mar0190
fig-015426,mar0191
fig-015427,mar0192
fig-015428,mar0193
fig-015429,mar0194
fig-015430,mar0195
fig-015431,mar0196
fig-015432,drm096
fig-015435,alp023
fig-015436,sh0981
fig-015437,mar0198
fig-015439,mar0197
fig-015440,min190
fig-015441,mar0200
fig-015442,cty1794
fig-015443,coldnd01
fig-015444,coldnd02
fig-015445,coldnd03
fig-015446,coldnd04
fig-015447,coldnd05
fig-015448,coldnd06
fig-015449,coldnd07
fig-015450,coldnd08
fig-015451,coldnd09
fig-015452,coldnd10
fig-015453,coldnd11
fig-015454,coldnd12
fig-015455,sw1381
fig-015457,sw1382
fig-015459,frnd0760
fig-015460,frnd0761
fig-015461,frnd0763
fig-015463,dp198
fig-015464,dp200
fig-015465,dp201
fig-015466,dis173
fig-015467,cty1820
fig-015468,cty1821
fig-015469,cty1822
fig-015470,cty1824
fig-015472,hol361
fig-015473,cty1823
fig-015474,sh0984
fig-015475,sh0985
fig-015477,hp508
fig-015478,hp509
fig-015479,hp510
fig-015480,hp511
fig-015481,hp512
fig-015482,hp513
fig-015483,hp514
fig-015485,hp515
fig-015486,hp516
fig-015487,hp517
fig-015488,hp519
fig-015489,hp520
fig-015490,hp521
fig-015491,hp522
fig-015492,hp523
fig-015494,hp524
fig-015496,hp525
fig-015497,loz001
fig-015498,loz002
fig-015499,loz003
fig-015500,loz004
fig-015501,hp501
fig-015502,idea192
fig-015503,idea193
fig-015504,idea195
fig-015505,idea196
fig-015506,idea197
fig-015507,idea198
fig-015509,idea194
fig-015510,hol358
fig-015511,hol359
fig-015512,hol360
fig-015514,hol357
fig-015515,hol356
fig-015516,hol355
fig-015517,frnd0821
fig-015520,mar0201
fig-015521,mar0202
fig-015522,mar0203
fig-015523,twn507
fig-015524,twn508
fig-015526,dp202
fig-015528,dp203
fig-015529,hol362
fig-015530,son022
fig-015531,son023
fig-015532,son025
fig-015533,wed004
fig-015534,wed001
fig-015535,wed005
fig-015536,wed003
fig-015537,wck010
fig-015538,wck007
fig-015539,wck008
fig-015540,wck009
fig-015541,wck006
fig-015542,wck005
fig-015543,wck004
fig-015544,wck001
fig-015545,wck002
fig-015546,wck003
fig-015547,idea199
fig-015548,idea200
fig-015549,idea201
fig-015550,idea202
fig-015551,sw1393
fig-015552,sw1391
fig-015553,sw1392
fig-015554,hol367
fig-015555,sh0986
fig-015556,hol363
fig-015557,hol364
fig-015560,hol365
fig-015561,hol366
fig-015562,fort008
fig-015563,fort009
fig-015564,fort001
fig-015565,fort004
fig-015566,fort002
fig-015567,fort003
fig-015568,fort005
fig-015569,fort006
fig-015570,fort007
fig-015571,sw0166b
fig-015573,sw1388
fig-015574,sw1383
fig-015575,sw1390
fig-015576,sw1384
fig-015577,sw1386
fig-015579,sw1389
fig-015581,mar0204
fig-015582,mar0206
fig-015583,hp537
fig-015584,sw1385
fig-015585,fst035
fig-015586,fst036
fig-015587,fst037
fig-015588,fst038
fig-015589,fst039
fig-015590,fst040
fig-015591,fst041
fig-015592,fst042
fig-015593,fst043
fig-015594,fst044
fig-015595,fst045
fig-015598,drm067
fig-015600,gen184
fig-015601,njo0918
fig-015602,sh0990
fig-015603,sh0998
fig-015604,sh0993
fig-015605,sh0992
fig-015606,sh0991
fig-015607,sh0995
fig-015608,sh0996
fig-015609,sh0994
fig-015610,sh0997
fig-015611,sh0989
fig-015612,idea215
fig-015613,idea207
fig-015614,idea208
fig-015615,idea206
fig-015616,idea210
fig-015617,idea204
fig-015618,idea205
fig-015619,idea211
fig-015620,idea214
fig-015621,idea203
fig-015622,idea209
fig-015623,idea212
fig-015624,idea213
fig-015625,twn520
fig-015632,bdp132
fig-015633,bdp130
fig-015634,bdp131
fig-015635,bdp133
fig-015636,bdp136
fig-015637,bdp135
fig-015638,bdp134
fig-015639,bdp129
fig-015640,bdp138
fig-015641,bdp139
fig-015642,bdp137
fig-015643,bdp141
fig-015644,bdp142
fig-015645,bdp140
fig-015646,bdp128
fig-015647,bdp127
fig-015648,bdp126
fig-015649,bdp146
fig-015650,bdp145
fig-015651,bdp147
fig-015652,bdp144
fig-015653,bdp143
fig-015655,twn509
fig-015657,pln199
fig-015658,pln200
fig-015659,pln201
fig-015660,pln202
fig-015661,pln203
fig-015662,pln204
fig-015663,pln205
fig-015664,gen091
fig-015665,pln197
fig-015666,pln206
fig-015667,fst046
fig-015668,fst047
fig-015669,fst048
fig-015670,fst049
fig-015671,fst050
fig-015672,fst051
fig-015673,sw0366
fig-015674,sw1395
fig-015675,sh0988
fig-015677,sp145
fig-015678,sp146
fig-015679,gen188
fig-015680,gen189
fig-015681,sh1001
fig-015682,sh1002
fig-015683,sh1000
fig-015684,sh1003
fig-015685,hol369
fig-015686,min200
fig-015687,cty1825
fig-015688,min201
fig-015689,pi198
fig-015690,pi199
fig-015691,cty0005a
fig-015692,hol372
fig-015693,hol373
fig-015694,hol374
fig-015695,hol370
fig-015696,hol371
fig-015699,twn518
fig-015700,jw127
fig-015701,ani019
fig-015702,col449
fig-015703,col450
fig-015704,col451
fig-015705,col452
fig-015706,col453
fig-015707,col454
fig-015708,col455
fig-015709,col456
fig-015710,col457
fig-015711,col458
fig-015712,col459
fig-015713,col460
fig-015714,ani017
fig-015715,ani018
fig-015716,ani015
fig-015717,ani016
fig-015718,ani020
fig-015719,sw1396
fig-015720,sw1397
fig-015722,sw1398
fig-015723,sw1399
fig-015724,sw1401
fig-015726,sw1402
fig-015727,sw1400
fig-015729,sw1403
fig-015730,cty1853
fig-015731,cty1850
fig-015732,cty1851
fig-015733,cty1854
fig-015734,cty1855
fig-015735,cty1830
fig-015736,cty1827
fig-015737,cty1829
fig-015740,cty1828
fig-015741,min192
fig-015742,min191
fig-015745,frnd0771
fig-015746,frnd0772
fig-015747,frnd0773
fig-015748,frnd0774
fig-015749,frnd0784
fig-015750,frnd0783
fig-015752,frnd0816
fig-015753,frnd0820
fig-015754,frnd0819
fig-015755,frnd0775
fig-015756,frnd0776
fig-015757,frnd0791
fig-015758,frnd0778
fig-015759,frnd0809
fig-015760,frnd0808
fig-015761,frnd0810
fig-015762,frnd0790
fig-015763,frnd0806
fig-015764,frnd0779
fig-015765,frnd0780
fig-015766,frnd0781
fig-015769,frnd0792
fig-015770,frnd0812
fig-015771,frnd0813
fig-015772,frnd0814
fig-015773,frnd0811
fig-015774,frnd0785
fig-015775,frnd0794
fig-015776,frnd0796
fig-015777,frnd0793
fig-015778,frnd0797
fig-015779,frnd0798
fig-015780,frnd0795
fig-015781,frnd0788
fig-015782,frnd0787
fig-015783,frnd0789
fig-015784,frnd0818
fig-015785,frnd0815
fig-015786,frnd0817
fig-015787,frnd0786
fig-015788,frnd0801
fig-015789,frnd0802
fig-015790,frnd0799
fig-015791,frnd0803
fig-015792,frnd0805
fig-015793,frnd0800
fig-015794,frnd0804
fig-015795,moa006
fig-015796,mk175
fig-015797,mk176
fig-015799,mk177
fig-015800,mk178
fig-015801,dp204
fig-015802,drm069
fig-015804,drm068
fig-015805,drm071
fig-015807,drm072
fig-015808,drm074
fig-015809,drm078
fig-015810,drm077
fig-015811,drm079
fig-015812,drm076
fig-015813,drm075
fig-015814,dp205
fig-015815,gen191
fig-015816,gen190
fig-015817,dp208
fig-015819,dp209
fig-015821,dp210
fig-015823,dp211
fig-015824,moa008
fig-015826,moa007
fig-015827,moa009
fig-015829,njo0925
fig-015830,njo0926
fig-015831,njo0919
fig-015832,njo0920
fig-015834,njo0921
fig-015835,njo0927
fig-015837,njo0922
fig-015838,njo0923
fig-015839,njo0924
fig-015841,njo0929
fig-015843,njo0932
fig-015845,njo0930
fig-015847,njo0928
fig-015849,njo0933
fig-015851,njo0934
fig-015852,njo0935
fig-015853,njo0937
fig-015854,njo0938
fig-015856,njo0936
fig-015858,njo0939
fig-015859,njo0940
fig-015860,njo0941
fig-015861,twn510
fig-015862,twn511
fig-015863,twn512
fig-015864,twn513
fig-015865,twn515
fig-015866,twn514
fig-015867,twn516
fig-015868,twn517
fig-015869,son027
fig-015870,son029
fig-015871,son028
fig-015872,son026
fig-015874,mk179
fig-015876,mk180
fig-015877,mk181
fig-015878,mk182
fig-015881,dp206
fig-015882,hp526
fig-015883,hp527
fig-015884,hp528
fig-015886,hp529
fig-015887,hp530
fig-015889,hp531
fig-015890,hp532
fig-015891,hp533
fig-015893,hp534
fig-015894,hp541
fig-015895,hp542
fig-015896,hp540
fig-015898,hp543
fig-015899,hp539
fig-015901,hp536
fig-015902,hp535
fig-015903,min199
fig-015904,min202
fig-015905,min193
fig-015906,min197
fig-015907,min025
fig-015908,min198
fig-015910,sh1025
fig-015911,sh1024
fig-015913,sh1034
fig-015914,sh1033
fig-015915,sh1032
fig-015916,sh1030
fig-015917,sh1031
fig-015918,sh1010
fig-015919,sh1028
fig-015920,sh1027
fig-015921,sh1008
fig-015922,sh1036
fig-015923,sh1026
fig-015924,sh1019
fig-015925,sh1009
fig-015926,sh1015
fig-015927,sh1017
fig-015928,sh1018
fig-015929,sh1020
fig-015930,sh1012
fig-015931,sh1016
fig-015932,cty1849
fig-015933,cty1846
fig-015934,cty1863
fig-015935,cty1864
fig-015936,cty1865
fig-015937,cty1866
fig-015938,cty1867
fig-015939,cty1831
fig-015940,cty1832
fig-015941,cty1833
fig-015942,cty1834
fig-015943,cty1835
fig-015944,cty1836
fig-015945,cty1838
fig-015946,cty1840
fig-015947,cty1841
fig-015948,cty1837
fig-015949,cty1839
fig-015950,cty1848
fig-015951,cty1847
fig-015952,sh1029
fig-015953,cty1826
fig-015954,mar0212
fig-015955,mar0213
fig-015956,mar0209
fig-015957,mar0210
fig-015958,mar0211
fig-015959,mar0208
fig-015960,mar0215
fig-015962,mar0214
fig-015963,mar0216
fig-015964,mar0207
fig-015965,frnd0777
fig-015966,sh1011
fig-015967,sh1013
fig-015968,sh1014
fig-015969,sh1007
fig-015970,sh1006
fig-015971,sh1021
fig-015973,sh1022
fig-015974,sh1023
fig-015975,sh1004
fig-015976,sh1005
fig-015977,cty1876
fig-015978,cty1852
fig-015979,cty1877
fig-015980,cty1878
fig-015981,cty1860
fig-015982,cty1861
fig-015983,cty1874
fig-015984,cty1875
fig-015985,cty1879
fig-015986,cty1880
fig-015987,cty1842
fig-015988,cty1843
fig-015989,cty1844
fig-015990,cty1845
fig-015991,cty1868
fig-015992,cty1869
fig-015993,cty1870
fig-015994,cty1871
fig-015995,cty1873
fig-015996,cty1885
fig-015997,cty1886
fig-015998,cty1883
fig-015999,cty1884
fig-016000,cty1856
fig-016001,cty1857
fig-016002,cty1859
fig-016003,cty1858
fig-016005,min203
fig-016006,njo0942
fig-016008,min194
fig-016010,min195
fig-016011,min229
fig-016013,sp136
fig-016014,njo0943
fig-016015,njo0944
fig-016016,sw1404
fig-016018,dp207
fig-016019,sw1334b
fig-016020,frnd0782
fig-016022,frnd0807
fig-016023,idea220
fig-016024,idea218
fig-016025,idea217
fig-016026,idea216
fig-016027,idea219
fig-016028,idea221
fig-016029,idea222
fig-016030,hp538
fig-016031,cty1862
fig-016032,cty1985
fig-016033,min214
fig-016035,sh0999
fig-016037,sh1035
fig-016038,tls124
fig-016039,njo0945
fig-016040,idea224
fig-016041,idea225
fig-016042,idea223
fig-016043,dp212
fig-016044,dis180
fig-016045,dis181
fig-016046,rac079
fig-016047,rac080
fig-016048,rac081
fig-016049,rac082
fig-016050,rac083
fig-016051,rac084
fig-016052,rac085
fig-016053,rac086
fig-016054,rac087
fig-016055,rac088
fig-016056,rac089
fig-016057,rac094
fig-016058,rac095
fig-016059,rac096
fig-016060,rac097
fig-016061,rac098
fig-016062,rac099
fig-016063,rac100
fig-016064,rac101
fig-016065,rac102
fig-016066,rac103
fig-016067,twn519
fig-016068,dis174
fig-016070,dis175
fig-016071,dis176
fig-016072,dis177
fig-016073,dis178
fig-016074,dis179
fig-016076,hp544
fig-016077,hp545
fig-016078,hp546
fig-016079,hp547
fig-016080,hrz001
fig-016081,hrz002
fig-016082,min204
fig-016083,min205
fig-016084,min208
fig-016085,min209
fig-016086,min210
fig-016087,min211
fig-016088,min212
fig-016089,min213
fig-016090,min215
fig-016091,min216
fig-016092,min217
fig-016093,min206
fig-016096,min207
fig-016097,sc122
fig-016098,sc129
fig-016099,sc131
fig-016100,sc130
fig-016101,sc128
fig-016102,sc127
fig-016103,sc126
fig-016104,sc125
fig-016105,sc124
fig-016106,sc123
fig-016107,njo0959
fig-016108,njo0963
fig-016110,njo0960
fig-016112,njo0961
fig-016113,njo0964
fig-016114,njo0948
fig-016115,cty1881
fig-016116,cty1882
fig-016117,oct056a
fig-016118,cty1888
fig-016119,cty1890
fig-016120,cty1889
fig-016121,cty1887
fig-016123,njo0953
fig-016124,njo0954
fig-016125,njo0955
fig-016126,njo0957
fig-016127,njo0958
fig-016128,njo0952
fig-016129,njo0949
fig-016130,njo0951
fig-016131,njo0950
fig-016133,njo0947
fig-016134,bdp164
fig-016135,bdp165
fig-016136,bdp163
fig-016137,bdp160
fig-016138,bdp161
fig-016139,bdp159
fig-016140,bdp162
fig-016141,bdp151
fig-016142,bdp155
fig-016143,bdp153
fig-016144,bdp152
fig-016145,bdp154
fig-016146,bdp150
fig-016147,bdp148
fig-016148,bdp149
fig-016149,bdp158
fig-016150,bdp156
fig-016151,bdp157
fig-016152,bdp172
fig-016153,bdp171
fig-016154,bdp174
fig-016155,bdp170
fig-016156,bdp177
fig-016157,bdp175
fig-016158,bdp167
fig-016159,bdp166
fig-016160,bdp173
fig-016161,bdp168
fig-016163,bdp169
fig-016164,bdp176
fig-016176,jw129
fig-016177,jw128
fig-016178,gen192
fig-016179,gen193
fig-016180,cty1872
fig-016181,game005
fig-016182,game004
fig-016183,game003
fig-016184,game002
fig-016185,game001
fig-016186,jw130
fig-016187,pln115
fig-016188,pln110
fig-016189,pln105
fig-016190,pln114
fig-016191,rac078
fig-016192,tnt006
fig-016193,njo0669
fig-016194,jw131
fig-016196,pm034
fig-016197,llp037
fig-016198,sh1037
fig-016199,dp213
fig-016200,dp214
fig-016201,dp218
fig-016202,dp219
fig-016204,dp215
fig-016206,dp221
fig-016207,dp216
fig-016209,dp222
fig-016210,dp223
fig-016211,dp217
fig-016212,lor152
fig-016213,lor151
fig-016215,lor144
fig-016216,lor146
fig-016217,lor147
fig-016218,lor148
fig-016219,lor149
fig-016220,lor150
fig-016222,lor142
fig-016223,lor143
fig-016224,lor145
fig-016225,sh1043
fig-016226,sh1044
fig-016227,sh1039
fig-016228,sh1041
fig-016229,sh1038
fig-016230,sh1040
fig-016231,min230
fig-016233,njo0993
fig-016235,njo0965
fig-016237,sh1054
fig-016238,sh1042
fig-016239,dp220
fig-016240,sw1408
fig-016241,sw1412
fig-016242,sw1410
fig-016243,sw1411
fig-016244,sw1409
fig-016246,sh1047
fig-016247,sh1046
fig-016248,sh1045
fig-016249,sw1407
fig-016251,sw1406
fig-016252,sw1413
fig-016254,agt030
fig-016255,hf007
fig-016256,hf008
fig-016257,hf012
fig-016258,hf009
fig-016259,hf013
fig-016260,sw1240
fig-016261,cty1891
fig-016266,njo0966
fig-016267,min258
fig-016268,sim046
fig-016269,sim044
fig-016270,sim048
fig-016271,sim047
fig-016272,sim043
fig-016273,sim045
fig-016274,lor153
fig-016275,blu006
fig-016276,blu005
fig-016277,blu001
fig-016278,blu002
fig-016279,blu003
fig-016280,blu004
fig-016282,frnd0847
fig-016283,frnd0848
fig-016284,frnd0843
fig-016285,frnd0845
fig-016286,frnd0844
fig-016287,frnd0836
fig-016288,frnd0829
fig-016289,frnd0842
fig-016290,frnd0846
fig-016291,frnd0850
fig-016292,frnd0849
fig-016293,frnd0852
fig-016294,frnd0851
fig-016295,frnd0822
fig-016296,frnd0825
fig-016297,frnd0823
fig-016299,frnd0824
fig-016300,frnd0832
fig-016301,frnd0834
fig-016302,frnd0833
fig-016303,frnd0835
fig-016304,frnd0826
fig-016305,frnd0830
fig-016306,frnd0828
fig-016307,frnd0827
fig-016308,frnd0831
fig-016309,frnd0839
fig-016310,frnd0837
fig-016311,frnd0840
fig-016312,frnd0838
fig-016313,sc132
fig-016314,cty1902
fig-016315,cty1905
fig-016316,cty1903
fig-016317,cty1904
fig-016318,cty1907
fig-016319,cty1908
fig-016320,cty1906
fig-016322,njo0969
fig-016324,njo0970
fig-016326,njo0971
fig-016327,twn525
fig-016328,twn521
fig-016329,twn523
fig-016330,twn524
fig-016331,twn522
fig-016332,drm084
fig-016333,drm093
fig-016334,drm090
fig-016335,drm091
fig-016336,cty1896
fig-016337,cty1898
fig-016338,cty1899
fig-016339,cty1894
fig-016340,cty1897
fig-016342,njo0984
fig-016343,jw141
fig-016344,jw140
fig-016345,cty1920
fig-016346,cty1919
fig-016347,cty1921
fig-016348,idea227
fig-016349,idea230
fig-016350,idea226
fig-016351,idea239
fig-016352,idea228
fig-016353,idea237
fig-016354,idea229
fig-016355,idea235
fig-016356,idea231
fig-016357,idea232
fig-016358,idea236
fig-016359,idea233
fig-016360,idea238
fig-016361,idea234
fig-016362,cty1893
fig-016363,cty1895
fig-016364,drm086
fig-016365,drm087
fig-016366,drm088
fig-016368,drm089
fig-016369,jw135
fig-016370,jw134
fig-016371,jw136
fig-016372,jw137
fig-016374,njo0990
fig-016375,njo0991
fig-016376,njo0975
fig-016377,njo0978
fig-016378,njo0974
fig-016379,njo0973
fig-016380,njo0979
fig-016381,fort013
fig-016382,fort014
fig-016383,cty1924
fig-016384,cty1925
fig-016385,cty1926
fig-016386,cty1927
fig-016387,cty1928
fig-016388,cty1929
fig-016389,cty1909
fig-016390,cty1910
fig-016391,njo0976
fig-016392,njo0986
fig-016393,moa010
fig-016394,cty1914
fig-016395,cty1913
fig-016396,cty1912
fig-016398,njo0967
fig-016399,njo0983
fig-016400,njo0977
fig-016401,fort010
fig-016402,fort011
fig-016403,fort012
fig-016404,drm085
fig-016405,sh1048
fig-016406,sh1051
fig-016407,sh1050
fig-016409,sh1049
fig-016410,sh1052
fig-016411,cty1918
fig-016412,cty1917
fig-016413,cty1915
fig-016414,cty1916
fig-016415,drm083
fig-016416,drm092
fig-016417,jw138
fig-016418,jw139
fig-016420,dp230
fig-016421,dp231
fig-016423,dp228
fig-016424,dp229
fig-016425,dp232
fig-016426,cty1923
fig-016427,cty1922
fig-016428,fort015
fig-016429,fort016
fig-016431,njo0972
fig-016432,dis184
fig-016433,jw133
fig-016434,jw132
fig-016436,dis187
fig-016438,dis186
fig-016440,njo0988
fig-016441,njo0980
fig-016442,njo0987
fig-016443,sw1417
fig-016444,sw1416
fig-016445,sw1414
fig-016446,njo0968
fig-016447,cty1901
fig-016448,cty1900
fig-016450,njo0981
fig-016451,njo0982
fig-016452,min221
fig-016453,min224
fig-016454,min223
fig-016455,min220
fig-016456,min219
fig-016457,min228
fig-016458,min225
fig-016459,hp550
fig-016460,hp549
fig-016461,crs113
fig-016462,crs114
fig-016464,hp560
fig-016465,hp562
fig-016466,hp554
fig-016467,hp559
fig-016468,hp556
fig-016469,hp557
fig-016470,hp558
fig-016471,hp561
fig-016472,hp555
fig-016473,hp553
fig-016474,hp551
fig-016475,hp552
fig-016476,frnd0853
fig-016477,frnd0854
fig-016478,frnd0841
fig-016479,hp565
fig-016481,hp564
fig-016482,hp567
fig-016483,hp563
fig-016484,hp568
fig-016485,cty1892
fig-016487,sw1415
fig-016488,hp570
fig-016490,hp571
fig-016491,hp572
fig-016492,hp575
fig-016493,hp576
fig-016494,hp574
fig-016495,hp573
fig-016496,hp577
fig-016497,hp578
fig-016498,dp224
fig-016500,dp225
fig-016501,dp226
fig-016503,dp227
fig-016505,dis182
fig-016506,dis185
fig-016507,dis183
fig-016510,sh1126
fig-016512,pi063
fig-016513,gen194
fig-016514,sh1055
fig-016516,pln207
fig-016521,sh1056
fig-016522,bdp204
fig-016523,bdp205
fig-016524,bdp206
fig-016525,bdp207
fig-016526,bdp192
fig-016527,bdp193
fig-016528,bdp194
fig-016529,bdp195
fig-016530,bdp196
fig-016531,bdp197
fig-016532,bdp198
fig-016533,bdp199
fig-016534,bdp200
fig-016535,bdp201
fig-016536,bdp202
fig-016537,bdp203
fig-016538,bdp208
fig-016539,bdp209
fig-016540,bdp210
fig-016541,bdp211
fig-016542,bdp212
fig-016543,bdp213
fig-016544,bdp214
fig-016545,bdp215
fig-016546,bdp216
fig-016547,bdp217
fig-016548,bdp218
fig-016549,bdp219
fig-016550,bdp220
fig-016551,bdp221
fig-016552,bdp222
fig-016553,bdp223
fig-016554,sh1053
fig-016555,bdp178
fig-016556,bdp179
fig-016557,bdp180
fig-016558,bdp181
fig-016559,bdp182
fig-016560,bdp183
fig-016561,bdp184
fig-016562,bdp185
fig-016563,bdp186
fig-016564,bdp187
fig-016565,bdp188
fig-016566,bdp189
fig-016567,bdp190
fig-016568,bdp191
fig-016569,nike001
fig-016570,idea272
fig-016571,idea273
fig-016572,min231
fig-016574,min226
fig-016575,min227
fig-016576,blu007
fig-016577,cty1911
fig-016578,hp569
fig-016579,njo0989
fig-016580,tls126
fig-016582,tls125
fig-016585,njo0985
fig-016586,hol375
fig-016587,sw1423
fig-016588,sw1422
fig-016590,sh1074
fig-016592,sw1432
fig-016593,sw1430
fig-016594,sw1431
fig-016595,cas590
fig-016596,cas591
fig-016597,cas592
fig-016598,cas593
fig-016599,cas594
fig-016600,cas595
fig-016601,sw1429
fig-016602,sw1428
fig-016603,sw1427
fig-016605,sw1424
fig-016606,sw1425
fig-016608,sh1073
fig-016609,sh1072
fig-016610,sh1066
fig-016611,sh1070
fig-016612,sh1063
fig-016613,sh1064
fig-016614,sh1065
fig-016616,sh1058
fig-016617,sh1059
fig-016618,sh1057
fig-016619,sh1060
fig-016620,sw1437
fig-016621,sw1436
fig-016622,twn531
fig-016623,sw1438
fig-016624,op018
fig-016625,op005
fig-016626,op021
fig-016627,op024
fig-016628,op025
fig-016629,op017
fig-016630,op023
fig-016631,op015
fig-016632,op019
fig-016633,op022
fig-016634,op020
fig-016635,wed006
fig-016636,wed007
fig-016637,sh1067
fig-016638,sh1068
fig-016639,sh1069
fig-016640,sh1094
fig-016641,sh1093
fig-016642,sh1062
fig-016643,op003
fig-016644,op002
fig-016645,sh1061
fig-016646,op001
fig-016647,op016
fig-016648,gdh016
fig-016649,op014
fig-016650,gdh017
fig-016651,op013
fig-016652,fort017
fig-016653,ani026
fig-016654,sh1071
fig-016655,sh1092
fig-016656,sc136
fig-016657,sc137
fig-016658,ani022
fig-016659,ani021
fig-016660,op012
fig-016661,op010
fig-016662,op008
fig-016663,op011
fig-016664,op009
fig-016666,op006
fig-016667,op004
fig-016668,op007
fig-016669,sw1434
fig-016670,sw1433
fig-016671,twn526
fig-016672,twn528
fig-016673,twn527
fig-016674,twn530
fig-016676,twn529
fig-016677,gdh014
fig-016679,gdh013
fig-016680,gdh015
fig-016681,ani025
fig-016682,ani023
fig-016683,ani024
fig-016684,twn549
fig-016685,sc135
fig-016686,sc134
fig-016687,sc133
fig-016689,sw1420
fig-016690,min232
fig-016691,fst057
fig-016692,pln208
fig-016693,pln210
fig-016694,pln209
fig-016695,mnn034
fig-016696,fst058
fig-016698,njo0270
fig-016700,njo0632
fig-016701,idea240
fig-016702,idea241
fig-016703,idea242
fig-016704,idea243
fig-016705,idea244
fig-016706,idea245
fig-016707,idea246
fig-016708,idea247
fig-016709,idea248
fig-016710,sw0028
fig-016711,ac004
fig-016712,jw142
fig-016713,njo0992
fig-016714,sw1435
fig-016715,colspi01
fig-016716,colspi02
fig-016717,colspi03
fig-016718,colspi04
fig-016719,colspi05
fig-016720,colspi06
fig-016721,colspi07
fig-016722,colspi08
fig-016723,colspi09
fig-016724,colspi11
fig-016725,colspi12
fig-016726,colspi13
fig-016728,colspi10
fig-016729,min249
fig-016730,dp234
fig-016732,dp233
fig-016734,dp235
fig-016735,dp236
fig-016736,min233
fig-016737,min234
fig-016738,min235
fig-016739,min236
fig-016740,min237
fig-016741,min238
fig-016742,min239
fig-016743,min240
fig-016744,min241
fig-016745,frnd0855
fig-016746,frnd0856
fig-016747,frnd0857
fig-016748,frnd0858
fig-016749,frnd0859
fig-016750,cty1930
fig-016751,cty1931
fig-016752,cty1932
fig-016753,cty1933
fig-016754,cty1934
fig-016756,hol376
fig-016758,sw1440
fig-016759,sw1441
fig-016760,sw1442
fig-016761,sw1443
fig-016762,sw1444
fig-016763,sw1445
fig-016764,sw1446
fig-016765,sw1447
fig-016766,sw1448
fig-016768,sw1449
fig-016769,sw1450
fig-016770,sw1451
fig-016771,hp589
fig-016772,hp590
fig-016773,hp591
fig-016776,hp592
fig-016777,hp593
fig-016778,hp594
fig-016779,hp595
fig-016781,hp596
fig-016782,hp566
fig-016783,dis188
fig-016784,nike002
fig-016785,wck012
fig-016786,wck014
fig-016787,wck013
fig-016789,wck015
fig-016790,wck011
fig-016791,hp585
fig-016792,hp586
fig-016793,hp587
fig-016794,hp588
fig-016795,hp579
fig-016796,hp580
fig-016797,hp532
fig-016798,hp581
fig-016799,hp582
fig-016800,hp583
fig-016801,hp584
fig-016802,wck016
fig-016803,wck017
fig-016804,wck018
fig-016805,wck019
fig-016806,wck020
fig-016807,wck021
fig-016808,wck022
fig-016809,wck023
fig-016810,wck029
fig-016811,wck030
fig-016812,wck027
fig-016813,wck028
fig-016814,wck024
fig-016815,wck025
fig-016816,wck026
fig-016817,sw1452
fig-016819,sh1075
fig-016820,sh1076
fig-016821,sh1077
fig-016822,sh1078
fig-016823,sh1079
fig-016825,sh1080
fig-016826,sh1081
fig-016827,sh1082
fig-016828,sh1083
fig-016829,sh1084
fig-016831,sh1085
fig-016832,sh1086
fig-016833,sh1087
fig-016834,sh1088
fig-016835,sh1089
fig-016837,sh1090
fig-016838,sh1091
fig-016840,poc044
fig-016841,poc045
fig-016842,poc046
fig-016843,poc047
fig-016844,poc048
fig-016845,poc049
fig-016846,poc050
fig-016847,poc051
fig-016848,poc052
fig-016849,cty1935
fig-016850,idea252
fig-016851,idea253
fig-016852,idea256
fig-016853,idea255
fig-016854,idea254
fig-016855,idea251
fig-016856,idea250
fig-016857,idea257
fig-016858,idea249
fig-016859,mar0230
fig-016861,mar0223
fig-016862,mar0226
fig-016863,mar0222
fig-016865,mar0220
fig-016866,mar0218
fig-016867,mar0219
fig-016868,mar0221
fig-016869,mar0217
fig-016870,son030
fig-016871,son031
fig-016872,mar0224
fig-016873,min247
fig-016875,sw1483
fig-016876,wed008
fig-016877,wed010
fig-016878,wed011
fig-016879,wed009
fig-016881,hol381
fig-016882,hol382
fig-016883,hol383
fig-016884,hol384
fig-016885,hol385
fig-016886,hol386
fig-016887,hol387
fig-016889,sw1454
fig-016890,sw1463
fig-016892,sw1457
fig-016893,sw1458
fig-016894,sw1459
fig-016896,sw1460
fig-016897,sw1462
fig-016899,sw1464
fig-016900,sw1465
fig-016901,sw1466
fig-016903,sw1467
fig-016906,sw1468
fig-016907,sw1469
fig-016908,sw1470
fig-016909,sw1471
fig-016910,sw1472
fig-016911,sw1473
fig-016912,sw1474
fig-016913,sw1475
fig-016915,sw1476
fig-016916,sw1477
fig-016918,sw1478
fig-016920,sw1479
fig-016921,sw1480
fig-016922,sw1482
fig-016923,sw1453
fig-016924,sw1481
fig-016925,sw1455
fig-016926,sw1456
fig-016927,hol377
fig-016928,hol378
fig-016929,hol379
fig-016930,hol380
fig-016931,sw1461
fig-016933,sw1484
fig-016934,mar0225
fig-016935,fst052
fig-016936,fst053
fig-016937,tls127
fig-016938,dis189
fig-016939,mar0228
fig-016941,mar0229
fig-016942,sp148
fig-016943,cty1936
fig-016944,min248
fig-016945,drm097
fig-016946,fst055
fig-016947,fst054
fig-016948,fst056
fig-016949,bdp252
fig-016950,bdp253
fig-016951,bdp254
fig-016952,bdp255
fig-016953,bdp256
fig-016954,bdp257
fig-016955,bdp258
fig-016956,bdp260
fig-016957,bdp261
fig-016958,bdp262
fig-016959,bdp264
fig-016960,bdp263
fig-016961,bdp259
fig-016962,bdp242
fig-016963,bdp244
fig-016964,bdp243
fig-016965,bdp245
fig-016966,bdp247
fig-016967,bdp248
fig-016968,bdp249
fig-016969,bdp250
fig-016970,bdp251
fig-016971,bdp246
fig-016972,bdp224
fig-016973,bdp225
fig-016974,bdp226
fig-016975,bdp227
fig-016976,bdp228
fig-016977,bdp229
fig-016978,bdp230
fig-016979,bdp231
fig-016980,bdp232
fig-016981,bdp233
fig-016982,bdp234
fig-016983,bdp235
fig-016984,bdp236
fig-016985,bdp237
fig-016986,bdp238
fig-016987,bdp239
fig-016988,bdp240
fig-016989,bdp241
fig-016990,idea258
fig-016991,idea261
fig-016992,idea263
fig-016993,idea264
fig-016994,idea268
fig-016995,idea262
fig-016996,idea265
fig-016997,idea259
fig-016998,idea269
fig-016999,idea260
fig-017000,idea266
fig-017001,idea267
fig-017002,idea270
fig-017003,idea271
fig-017009,min255
fig-017010,hol394
fig-017011,hol395
fig-017012,hol388
fig-017013,hol389
fig-017014,hol390
fig-017015,hol391
fig-017016,hol392
fig-017017,hol393
fig-017018,trek004
fig-017019,trek008
fig-017020,trek007
fig-017021,trek005
fig-017022,trek006
fig-017023,trek003
fig-017024,trek009
fig-017025,trek001
fig-017026,trek002
fig-017027,trek010
fig-017028,hol403
fig-017029,hol402
fig-017030,hol405
fig-017031,hol406
fig-017032,hol404
fig-017034,njo0994
fig-017035,poc030
fig-017039,cty1938
fig-017041,hol407
fig-017042,hol408
fig-017043,hol409
fig-017044,hol413
fig-017045,hol414
fig-017046,hol410
fig-017047,hol411
fig-017048,hol412
fig-017049,sh1096
fig-017050,col461
fig-017051,col462
fig-017052,col463
fig-017053,col464
fig-017054,col465
fig-017055,col466
fig-017056,col467
fig-017057,col468
fig-017058,col469
fig-017059,col470
fig-017060,col471
fig-017061,col472
fig-017062,drm103
fig-017063,drm104
fig-017064,drm105
fig-017065,drm107
fig-017066,drm106
fig-017067,drm099
fig-017068,drm100
fig-017069,drm101
fig-017070,drm102
fig-017071,drm109
fig-017072,drm108
fig-017073,drm113
fig-017074,drm114
fig-017075,drm112
fig-017076,drm118
fig-017077,drm117
fig-017078,drm116
fig-017079,drm111
fig-017080,drm110
fig-017081,drm115
fig-017083,njo0995
fig-017085,sw1405
fig-017086,cty1941
fig-017087,cty1942
fig-017088,cty1943
fig-017089,cty1944
fig-017090,dp237
fig-017091,cty1992
fig-017092,cty1972
fig-017093,cty1971
fig-017094,cty1968
fig-017095,cty1969
fig-017096,cty1970
fig-017097,cty1946
fig-017098,cty1945
fig-017099,cty1953
fig-017100,cty1954
fig-017101,cty1947
fig-017102,cty1949
fig-017103,cty1950
fig-017104,cty1948
fig-017105,min261
fig-017106,min260
fig-017107,minestrider03
fig-017108,minestrider04
fig-017109,minemagma03
fig-017110,min242
fig-017111,min243
fig-017112,min244
fig-017113,min245
fig-017114,min246
fig-017115,min253
fig-017116,min252
fig-017117,min254
fig-017118,min251
fig-017119,min250
fig-017121,njo1004
fig-017124,njo1031
fig-017125,njo1032
fig-017126,njo1034
fig-017128,njo1033
fig-017130,njo1035
fig-017131,njo1029
fig-017132,njo1030
fig-017133,njo1024
fig-017136,njo1036
fig-017137,njo1037
fig-017139,njo1040
fig-017140,njo1042
fig-017141,njo1041
fig-017143,njo1039
fig-017145,njo1038
fig-017147,njo1050
fig-017149,njo1049
fig-017151,njo1048
fig-017152,njo1025
fig-017153,njo1044
fig-017155,njo1043
fig-017156,njo1046
fig-017158,njo1047
fig-017159,njo1045
fig-017160,son032
fig-017161,sw1488
fig-017162,twn533
fig-017163,twn537
fig-017164,twn535
fig-017165,twn532
fig-017166,twn538
fig-017167,twn534
fig-017168,twn536
fig-017169,sc138
fig-017170,sc139
fig-017171,njo1012
fig-017173,njo0996
fig-017174,njo1013
fig-017175,njo1014
fig-017177,njo1015
fig-017178,njo1016
fig-017180,njo1007
fig-017182,njo1017
fig-017183,njo1018
fig-017184,njo1019
fig-017185,njo1020
fig-017187,njo1021
fig-017188,njo1026
fig-017190,njo1003
fig-017192,njo1027
fig-017193,njo1028
fig-017196,njo1022
fig-017198,njo1001
fig-017199,njo1000
fig-017201,njo0999
fig-017203,njo1008
fig-017204,njo1010
fig-017205,njo1009
fig-017206,njo1011
fig-017208,njo0997
fig-017210,njo0998
fig-017212,njo1002
fig-017214,njo1005
fig-017215,njo1006
fig-017216,njo1023
fig-017217,cty1939
fig-017218,cty1940
fig-017219,hp597
fig-017220,hp598
fig-017221,hp599
fig-017222,hp600
fig-017223,hp601
fig-017224,hp602
fig-017225,hp603
fig-017226,hp604
fig-017227,hp605
fig-017228,hp606
fig-017229,hp607
fig-017230,hp608
fig-017231,hp609
fig-017232,st010
fig-017233,st011
fig-017234,st013
fig-017235,st012
fig-017236,st015
fig-017237,st016
fig-017238,st017
fig-017239,st018
fig-017240,st019
fig-017241,st020
fig-017242,st021
fig-017243,st022
fig-017244,st014
fig-017245,st024
fig-017246,st023
fig-017247,sh1125
fig-017248,twn539
fig-017249,twn540
fig-017251,sh1105
fig-017252,sh1106
fig-017253,sh1118
fig-017254,sh1117
fig-017255,sh1110
fig-017256,sh1109
fig-017257,sh1108
fig-017258,sh1111
fig-017259,frnd0882
fig-017260,sh1095
fig-017261,sw1485
fig-017262,hp613
fig-017263,hp614
fig-017264,sh0585b
fig-017265,hp612
fig-017266,hp611
fig-017267,hp610
fig-017268,sh1113
fig-017269,sh1112
fig-017271,sh1107
fig-017272,sh1099
fig-017273,sh1120
fig-017274,sh1102
fig-017275,sh1101
fig-017276,sh1098
fig-017277,sh1100
fig-017278,sh1104
fig-017279,sh1103
fig-017280,sh1097
fig-017281,cty1998
fig-017282,cty1974
fig-017283,cty1975
fig-017284,cty1973
fig-017285,cty1958
fig-017286,cty1959
fig-017287,cty1955
fig-017288,cty1956
fig-017289,cty1957
fig-017290,cty1961
fig-017291,cty1960
fig-017292,cty1962
fig-017293,cty1963
fig-017294,cty1976
fig-017295,cty1977
fig-017296,cty1978
fig-017297,cty1979
fig-017298,cty1980
fig-017299,cty1981
fig-017300,cty1982
fig-017301,cty1983
fig-017302,cty1984
fig-017303,cty1951
fig-017304,cty1952
fig-017305,cty1964
fig-017306,cty1965
fig-017307,cty1996
fig-017308,cty1997
fig-017309,cty1966
fig-017310,cty1995
fig-017311,cty1994
fig-017313,dp239
fig-017315,dp240
fig-017316,frnd0884
fig-017317,frnd0883
fig-017318,sc140
fig-017319,sc141
fig-017320,sc143
fig-017321,sc142
fig-017322,sc144
fig-017323,sw1489
fig-017324,sw1490
fig-017325,sw1486
fig-017326,sw1487
fig-017328,frnd0861
fig-017329,frnd0865
fig-017330,frnd0893
fig-017331,frnd0891
fig-017332,frnd0868
fig-017333,frnd0888
fig-017334,frnd0860
fig-017335,frnd0862
fig-017336,frnd0863
fig-017337,frnd0894
fig-017338,frnd0895
fig-017339,frnd0896
fig-017340,frnd0864
fig-017341,frnd0869
fig-017342,frnd0880
fig-017343,frnd0881
fig-017344,frnd0870
fig-017345,frnd0871
fig-017346,frnd0872
fig-017347,frnd0878
fig-017348,frnd0879
fig-017349,frnd0873
fig-017350,frnd0874
fig-017351,frnd0875
fig-017353,frnd0876
fig-017354,frnd0877
fig-017355,frnd0867
fig-017356,frnd0866
fig-017357,frnd0892
fig-017358,frnd0885
fig-017359,frnd0886
fig-017360,frnd0887
fig-017361,twn547
fig-017362,min257
fig-017363,min256
fig-017365,hp616
fig-017369,son033
fig-017370,hol416
fig-017371,hol417
fig-017372,hol415
fig-017373,hol418
fig-017374,edu033
fig-017375,edu035
fig-017376,edu026
fig-017377,edu029
fig-017378,edu028
fig-017379,edu024
fig-017380,edu032
fig-017381,edu034
fig-017382,edu030
fig-017383,edu031
fig-017384,edu025
fig-017385,edu027
fig-017393,sh1116
fig-017394,sh1114
fig-017395,sh1115
fig-017396,pi013new
fig-017397,cty1967
fig-017398,njo1053
fig-017399,frnd0889
fig-017400,frnd0890
fig-017401,twn541
fig-017402,bdp265
fig-017403,bdp266
fig-017404,bdp267
fig-017405,bdp268
fig-017406,bdp269
fig-017407,bdp270
fig-017408,bdp271
fig-017409,bdp272
fig-017410,bdp273
fig-017411,bdp274
fig-017412,bdp294
fig-017413,bdp296
fig-017414,bdp297
fig-017415,bdp298
fig-017416,bdp299
fig-017417,bdp300
fig-017418,bdp301
fig-017419,bdp302
fig-017420,bdp303
fig-017421,bdp304
fig-017422,bdp306
fig-017423,bdp295
fig-017424,bdp305
fig-017425,bdp307
fig-017426,bdp308
fig-017427,bdp309
fig-017428,bdp275
fig-017429,bdp276
fig-017430,bdp277
fig-017431,bdp278
fig-017432,bdp279
fig-017433,bdp280
fig-017434,bdp283
fig-017435,bdp284
fig-017436,bdp282
fig-017437,bdp281
fig-017438,bdp285
fig-017439,bdp286
fig-017440,bdp287
fig-017441,bdp288
fig-017442,bdp289
fig-017443,bdp290
fig-017444,bdp291
fig-017445,bdp292
fig-017446,bdp293
fig-017448,twn548
fig-017451,ani027
fig-017452,dis192
fig-017453,dis191
fig-017454,phm001
fig-017455,phm002
fig-017457,sw1507
fig-017459,sw1502
fig-017461,sw1508
fig-017463,sw1509
fig-017465,sw1510
fig-017466,loz005
fig-017467,loz006
fig-017468,sw1504
fig-017470,sw1505
fig-017471,sw1506
fig-017472,sw1503
fig-017473,njo1051
fig-017474,njo1052
fig-017475,sc146
fig-017477,njo1057
fig-017478,cty1999
fig-017479,cty2001
fig-017480,cty2000
fig-017481,sw1497
fig-017482,sw1498
fig-017483,sh1122
fig-017484,twn542
fig-017485,sh1123
fig-017486,sh1124
fig-017488,sw1495
fig-017489,sw1496
fig-017491,sw1494
fig-017492,sh1119
fig-017495,dis190
fig-017496,sp155
fig-017498,sw1501
fig-017500,sw1499
fig-017502,sw1500
fig-017503,sw1491
fig-017504,sw1492
fig-017505,sw1493
fig-017506,sh1121
fig-017507,sw1513
fig-017509,sw1512
fig-017510,sw1511
fig-017511,edi001
fig-017512,sc145
fig-017513,cty1990
fig-017514,cty1989
fig-017515,cty1988
fig-017516,cty1987
fig-017517,cty1986
fig-017518,cty1991
fig-017520,sw1514
fig-017521,hp615
fig-017522,dp238
fig-017523,njo1054
fig-017524,drm098
fig-017525,hp548
fig-017528,nike003
fig-017529,twn545
fig-017530,twn543
fig-017531,twn544
fig-017532,twn546
fig-017533,idea274
fig-017534,idea275
fig-017535,idea276
fig-017536,idea277
fig-017537,idea278
fig-017538,sw1516
fig-017539,sw1518
fig-017540,sw1517
fig-017542,cty2002
fig-017543,njo0962
fig-017544,njo1055
fig-017545,min263
fig-017546,min259
fig-017547,gen070
fig-017548,twn550
fig-017551,min271
fig-017552,sw1522
fig-017554,sw1520
fig-017555,col473
fig-017556,col474
fig-017557,col475
fig-017558,col484
fig-017559,col483
fig-017560,col482
fig-017561,col481
fig-017562,col480
fig-017563,col479
fig-017564,col478
fig-017565,col477
fig-017566,col476
fig-017567,sw1525
fig-017568,sw1519
fig-017569,sw1526
fig-017570,sw1527
fig-017571,sw1521
fig-017572,cty2003
fig-017573,sw1528
fig-017574,edi008
fig-017575,edi009
fig-017576,edi005
fig-017577,edi006
fig-017578,edi007
fig-017579,edi004
fig-017580,edi003
fig-017581,edi002
fig-017582,dis194
fig-017583,dis193
fig-017584,slinkydog
fig-017585,jw143
fig-017596,gen186
fig-017597,gen196
fig-017604,tls123
fig-017607,hol420
fig-017608,hol424
fig-017609,hol423
fig-017610,hol425
fig-017611,hol421
fig-017612,hol422
fig-017613,hol426
fig-017615,hol427
fig-017617,cty2004
fig-017618,min262
fig-017619,cty0276
fig-017620,sh0025a
fig-017621,gen115
fig-017622,redsox
fig-017633,njo1068
fig-017634,njo1082
fig-017635,njo1065
fig-017636,njo1083
fig-017638,njo1089
fig-017640,njo1088
fig-017641,njo1077
fig-017642,njo1079
fig-017644,njo1080
fig-017645,njo1078
fig-017646,njo1075
fig-017647,njo1074
fig-017649,njo1073
fig-017650,njo1072
fig-017657,blu008
fig-017662,dis211
fig-017664,moa011
fig-017666,sh1134
fig-017667,sh1135
fig-017668,sh1139
fig-017669,sh1136
fig-017671,sh1138
fig-017672,sh1137
fig-017673,sh1142
fig-017674,sh1141
fig-017675,jw144
fig-017682,min266
fig-017683,min267
fig-017684,min264
fig-017685,min265
fig-017686,min268
fig-017687,min269
fig-017688,min270
fig-017689,sh1128
fig-017691,sh1129
fig-017692,sh1130
fig-017693,sh1131
fig-017694,sh1132
fig-017695,sh1133
fig-017696,shr001
fig-017697,sh1145
fig-017698,sh1144
fig-017699,sh1146
fig-017700,sh1143
fig-017703,lor165
fig-017704,lor166
fig-017706,lor154
fig-017707,lor155
fig-017708,lor156
fig-017709,lor157
fig-017710,lor158
fig-017712,lor159
fig-017713,lor160
fig-017714,lor161
fig-017715,lor162
fig-017716,lor163
fig-017717,lor164
fig-017719,hp637
fig-017720,hp630
fig-017721,hp628
fig-017722,hp624
fig-017723,hp622
fig-017724,hp625
fig-017725,hp623
fig-017726,hp617
fig-017727,hp618
fig-017728,hp626
fig-017729,hp619
fig-017730,hp629
fig-017731,hp621
fig-017732,hp620
fig-017733,hp627
fig-017734,hp635
fig-017735,hp631
fig-017737,hp632
fig-017738,hp633
fig-017739,hp634
fig-017740,hp636
fig-017741,sc148
fig-017743,sc147
fig-017744,dp244
fig-017746,dp243
fig-017747,fort021
fig-017748,fort023
fig-017749,fort022
fig-017750,fort024
fig-017751,fort025
fig-017753,fort026
fig-017754,fort018
fig-017755,fort020
fig-017756,fort019
fig-017757,cty2008
fig-017758,cty2005
fig-017759,cty2006
fig-017760,cty2007
fig-017761,cty2009
fig-017762,cty2010
fig-017763,cty2021
fig-017764,cty2022
fig-017765,cty2041
fig-017766,cty2042
fig-017767,cty2040
fig-017768,cty2039
fig-017769,cty2027
fig-017770,cty2025
fig-017771,cty2026
fig-017772,cty2023
fig-017773,cty2024
fig-017774,cty2016
fig-017775,cty2017
fig-017776,cty2018
fig-017777,cty2020
fig-017778,cty2019
fig-017779,cty2037
fig-017780,cty2036
fig-017781,cty2038
fig-017782,cty2044
fig-017783,cty2028
fig-017784,cty2029
fig-017785,cty2030
fig-017786,cty2031
fig-017787,cty2032
fig-017788,cty2033
fig-017789,cty2034
fig-017790,cty2035
fig-017791,cty2013
fig-017792,cty2014
fig-017793,cty2015
fig-017794,cty2011
fig-017795,cty2012
fig-017796,njo1066
fig-017797,njo1067
fig-017798,njo1084
fig-017799,njo1087
fig-017800,njo1085
fig-017801,njo1069
fig-017803,njo1070
fig-017804,njo1071
fig-017805,njo1076
fig-017806,njo1081
fig-017807,frnd0912
fig-017808,frnd0913
fig-017809,frnd0914
fig-017810,frnd0915
fig-017811,frnd0916
fig-017812,frnd0911
fig-017813,frnd0909
fig-017814,frnd0910
fig-017815,frnd0906
fig-017816,frnd0907
fig-017817,frnd0908
fig-017818,frnd0921
fig-017819,frnd0922
fig-017821,frnd0902
fig-017822,frnd0901
fig-017823,frnd0903
fig-017824,frnd0904
fig-017825,frnd0897
fig-017827,frnd0898
fig-017828,frnd0920
fig-017829,frnd0923
fig-017830,frnd0924
fig-017831,frnd0899
fig-017832,frnd0900
fig-017833,frnd0905
fig-017834,dp245
fig-017838,dp241
fig-017840,dp242
fig-017851,edi010
fig-017853,pi202
fig-017854,pi201
fig-017855,pi203
fig-017856,pi200
fig-017861,cty2043
fig-017862,sh1127
fig-017863,gen197
fig-017864,dis195
fig-017865,dis196
fig-017867,dis197
fig-017868,dis198
fig-017869,dis199
fig-017870,dis200
fig-017871,dis201
fig-017873,dis202
fig-017874,dis203
fig-017875,dis204
fig-017876,dis205
fig-017877,dis206
fig-017878,dis207
fig-017879,dis208
fig-017880,dis209
fig-017881,dis210
fig-017884,gen023
fig-017885,gen198
fig-017887,sh1140
fig-017888,sw1433a
fig-017889,twn553
fig-017890,twn551
fig-017891,twn552
fig-017892,twn554
fig-017893,bdp313
fig-017894,bdp311
fig-017895,bdp314
fig-017896,bdp312
fig-017897,bdp310
fig-017899,njo1056
fig-017907,sp149
fig-017908,sp150
fig-017909,sw1529
fig-017910,sw1530
fig-017911,sw1531
fig-017912,bdp349
fig-017913,bdp350
fig-017914,bdp351
fig-017915,bdp352
fig-017916,bdp353
fig-017917,bdp354
fig-017918,bdp355
fig-017919,bdp356
fig-017920,bdp335
fig-017921,bdp336
fig-017922,bdp337
fig-017923,bdp338
fig-017924,bdp339
fig-017925,bdp340
fig-017926,bdp341
fig-017927,bdp342
fig-017928,bdp343
fig-017929,bdp344
fig-017930,bdp345
fig-017931,bdp346
fig-017932,bdp347
fig-017933,bdp348
fig-017934,belvfemale02a
fig-017935,cas355a
fig-017936,bdp315
fig-017937,bdp316
fig-017938,bdp317
fig-017939,bdp318
fig-017940,bdp319
fig-017941,bdp320
fig-017942,bdp321
fig-017943,bdp322
fig-017944,bdp323
fig-017945,bdp324
fig-017946,bdp325
fig-017947,bdp326
fig-017948,bdp327
fig-017949,bdp328
fig-017950,bdp329
fig-017951,bdp330
fig-017952,bdp331
fig-017953,bdp332
fig-017954,bdp333
fig-017955,bdp334
fig-017956,cas525
fig-017957,belvfemale41a
fig-017960,pln171
fig-017963,frnd0917
fig-017964,frnd0918
fig-017966,frnd0919
fig-017967,tls001
fig-017968,tls003
fig-017969,tls002
fig-017973,cty2046
fig-017974,cty2045
fig-017975,hol428
fig-017976,sw0143
